-- MySQL dump 10.13  Distrib 5.7.17, for Win64 (x86_64)
--
-- Host: localhost    Database: iyrc_2019
-- ------------------------------------------------------
-- Server version	5.5.5-10.1.38-MariaDB

/*!40101 SET @OLD_CHARACTER_SET_CLIENT=@@CHARACTER_SET_CLIENT */;
/*!40101 SET @OLD_CHARACTER_SET_RESULTS=@@CHARACTER_SET_RESULTS */;
/*!40101 SET @OLD_COLLATION_CONNECTION=@@COLLATION_CONNECTION */;
/*!40101 SET NAMES utf8 */;
/*!40103 SET @OLD_TIME_ZONE=@@TIME_ZONE */;
/*!40103 SET TIME_ZONE='+00:00' */;
/*!40014 SET @OLD_UNIQUE_CHECKS=@@UNIQUE_CHECKS, UNIQUE_CHECKS=0 */;
/*!40014 SET @OLD_FOREIGN_KEY_CHECKS=@@FOREIGN_KEY_CHECKS, FOREIGN_KEY_CHECKS=0 */;
/*!40101 SET @OLD_SQL_MODE=@@SQL_MODE, SQL_MODE='NO_AUTO_VALUE_ON_ZERO' */;
/*!40111 SET @OLD_SQL_NOTES=@@SQL_NOTES, SQL_NOTES=0 */;

--
-- Table structure for table `alunos`
--

DROP TABLE IF EXISTS `alunos`;
/*!40101 SET @saved_cs_client     = @@character_set_client */;
/*!40101 SET character_set_client = utf8 */;
CREATE TABLE `alunos` (
  `idAlunos` int(11) NOT NULL AUTO_INCREMENT,
  `Nome` varchar(150) DEFAULT NULL,
  `idEscolas` int(11) DEFAULT NULL,
  `idSeries` int(11) DEFAULT NULL,
  `Participou` tinyint(4) DEFAULT '0',
  `Participacoes` int(11) DEFAULT '0',
  PRIMARY KEY (`idAlunos`),
  KEY `idEscola_idx` (`idEscolas`),
  KEY `idSeries_Alunos_idx` (`idSeries`),
  CONSTRAINT `Escola_Aluno` FOREIGN KEY (`idEscolas`) REFERENCES `escolas` (`idEscolas`),
  CONSTRAINT `Serie_Aluno` FOREIGN KEY (`idSeries`) REFERENCES `series` (`idSeries`)
) ENGINE=InnoDB AUTO_INCREMENT=779 DEFAULT CHARSET=latin1;
/*!40101 SET character_set_client = @saved_cs_client */;

--
-- Dumping data for table `alunos`
--

LOCK TABLES `alunos` WRITE;
/*!40000 ALTER TABLE `alunos` DISABLE KEYS */;
INSERT INTO `alunos` VALUES (1,'JOÃO DE PAULO DIAS DE MORAES E SILVA',35,13,1,0),(2,'MARIA CECÍLIA PASCOAL OSTE',35,13,1,0),(3,'DANIEL CARDOSO DIDONÉ',35,14,1,0),(4,'LÍVIA DE OLIVEIRA BISPO ',35,14,1,0),(5,'ARTHUR FERREIRA LAVORENTI ',35,19,1,1),(6,'JHENIFFER KAREN PEREIRA AMARAL ',35,19,1,1),(7,'LÍVIA PEDROSA ARAÚJO ',35,20,1,1),(8,'MARIA CLARA RODRIGUES DIDONÉ',35,20,1,1),(9,'ANNA JÚLIA AMBRÓSIO DA SILVA ',35,25,1,0),(10,'PEDRO OCTÁVIO ERLER ',35,25,1,0),(11,'MATHEUS BARRETE DOS SANTOS ',35,26,1,0),(12,'HARUMI FERNANDES MORETO KAWAI',35,26,1,0),(13,'MONIQUE PELLEGRINOTTI DOS SANTOS',35,27,1,0),(14,'LEONARDO CAPUTO B. SILVA',35,27,1,0),(15,'ARIANE UCHIA RODRIGUES ',36,0,1,0),(16,'THALIA THOMAZINI DE BARROS ',36,0,1,0),(17,'ARIELLI SILVA OLIEVIRA ',36,0,1,0),(18,'KEVYN REIS DE SOUZA',36,0,1,0),(19,'ANA LUIZA STURKI DO NASCIMENTO ',36,0,0,0),(20,'MARCELO VINÍCIUS VITTI',36,0,0,0),(21,'ISABELLA RAMOS PEREZ ',36,0,0,0),(22,'JULIO CESAR DO AMARAL ',36,0,0,0),(23,'GIOVANA BERTOZZI ',36,0,0,0),(24,'MURILO ANTONIO MENEGATI ',36,0,0,0),(25,'GUILHERME C. AGRIACO ',36,0,0,0),(26,'VINÍCIUS ALVES DA SILVA',36,0,0,0),(27,'MARCOS VINÍCIUS DA SILVA SIQUEIRA ',36,0,0,0),(28,'LEANDRO ANTONIO MACHADO DA SILVA',36,0,0,0),(29,'KAREN SOUZA CARNEIRO ',36,0,0,0),(30,'RÃDHÃRANY BOTTINO MOCHETTI ',36,0,0,0),(31,'DIEGO CAMARGO CAVAGIONI ',36,0,1,0),(32,'JOELSON PEREIRA DA SILVA',36,0,1,0),(33,'VITÓRIA RAFAELA DE OLIVEIRA FERREIRA ',36,0,1,0),(34,'ADRYAN ANTONIO DE SOUZA ',36,0,0,0),(35,'PEDRO HENRIQUE LIMA CORREIA ',36,0,0,0),(36,'KAMILY VITÓRIA MARTINS MACHADO ',36,0,0,0),(37,'JÚLIA GUAZZELLI VIDEIRA ',36,0,0,0),(38,'BRENO ARAÚJO DE OLIVEIRA ',36,0,1,0),(39,'RYANE CASALE SAMPRONHA ',36,0,0,0),(40,'BEATRIZ A. CAMPOS ',36,0,0,0),(41,'CARMELITA DA ENCARNAÇÃO BARRILÃO ',36,0,1,0),(42,'CÍNTIA ISABELE DOS SANTOS SILVA ',37,0,1,1),(43,'MARIA JÚLIA EMÍDIO DA SILVA ',37,0,0,0),(44,'CARLOS ALEXANDRE DA SILVA ',37,0,1,1),(45,'MARIA EDUARDA FRAGALLI DA PAZ',37,0,1,1),(46,'ANANDA TEREZA PORTERO',37,0,1,0),(47,'KARINA VAROTTO DE CASTRO',37,0,1,1),(48,'EMANUEL MIGUEL SOARES ',37,0,1,1),(49,'VINÍCIUS TREVISAN CALLEGARO ',37,0,1,1),(50,'LARISSA GOBO VERDI ',37,0,1,0),(51,'GUILHERME HENRIQUE AGOSTINI ',37,0,1,1),(52,'JOSÉ FELIPE SALISMAN CALEGARO ',37,0,1,0),(53,'NATÁLIA LOPES DA SILVA ',37,0,1,0),(54,'THAYNÁ DE SOUZA COELHO ',37,0,1,0),(55,'JENNIFER LOPES DA SILVA ',37,0,1,0),(56,'GABRIEL MORAES RIZIGO',37,0,1,1),(57,'LUIZ FELIPE DE OLIVEIRA ZAIA ',37,0,1,0),(58,'THALITA CAPPAROL RODRIGUES ',37,0,1,0),(59,'DIEGO HENRIQUE DA SILVA',38,0,1,1),(60,'CIBELY RODRIGUES DE LIMA',38,0,1,0),(61,'GUSTAVO PEREIRA ',38,0,1,1),(62,'LÍVIA MARIA AUGUSTO ',38,0,1,1),(63,'MARIA JOANA MARTINS DE SANTANA ',38,0,1,0),(64,'BARBARA OLIVEIRA SOARES ',38,0,1,0),(65,'DAVID COSTA RODRIGUES ',38,0,1,0),(66,'THIFANY DA SILVA DA COSTA',38,0,1,0),(67,'ÁLEFFI JÉIEL GOMES ',38,0,1,0),(68,'SUELEN FERNANDA DA SILVA ',38,0,1,1),(69,'KEVIN LOPES DA SILVA ',38,0,0,0),(70,'CAIQUE ARAÚJO DE OLIVEIRA ',39,0,1,0),(71,'RAFAEL MALAGUETA RICCI',39,0,1,0),(72,'JOÃO VITOR FAGANELLO',39,0,1,0),(73,'DÉBORA VANESSA RODRIGUES ',39,0,1,1),(74,'EMILY CAMILA FERNANDES GARCIA DE SOUZA',39,0,1,1),(75,'GIULIA LOPES BARBOZA ',39,0,1,1),(76,'IGOR DIAS FERRAZ',39,0,1,0),(77,'ISABELY SCOTTON BISCALCHIN ',39,0,1,0),(78,'PEDRO MONTEIRO GOMES ',39,0,0,0),(79,'PEDRO HENRIQUE DA SILVA ',39,0,1,0),(80,'SAMUEL DOMINGOS DA SILVA ',39,0,1,1),(81,'CAUÊ TREVISAN PANSERINI ',39,0,0,0),(82,'ANA ELISA CARVALHO ',40,73,1,1),(83,'MARIAH DE MELO CARIOCA ',40,73,0,0),(84,'REBECCA COENE FREITAS ',40,73,0,0),(85,'MURILO PONTES ZINETTI',40,73,1,0),(86,'TIAGO AVENA CHIRELLI',40,73,0,0),(87,'CLARA GOMES GOUVEIA ',40,74,1,0),(88,'BRUNO NERCOLINI AGUILAR VOIGT',40,74,0,0),(89,'LUIZA MARCHINI',40,74,0,0),(90,'EDUARDO CURY MANIERO HUBNER ',40,74,1,0),(91,'JOÃO LUCAS ALVES DE OLIVEIRA ',40,74,1,1),(92,'JULIA POMPERMAYER',40,74,0,0),(93,'JÚLIA VENERI SARTO',40,74,1,1),(94,'MATHEUS DE ALMEIDA SILVA MATOS ',40,74,1,1),(95,'BRUNA TREVISAN TAKABATAKE',40,75,1,0),(96,'HENRIQUE ALVES CELSO',40,75,1,0),(97,'LUCAS BUZELLI',40,75,0,0),(98,'PEDRO GODOY DO AMARAL',40,75,0,0),(99,'MATTEO GIMENES ARTHUZO',40,75,1,0),(100,'THEO SABATIN ',40,75,1,0),(101,'ALICE MACIEL SESSO ',40,76,0,0),(102,'BIANCA VITORIA THOME',40,76,0,0),(103,'DAVI DE LIMA BAGGI',40,76,0,0),(104,'LUCAS CARVALHO IZEPPE',40,76,0,0),(105,'MANUELA ROLIM GOZETTO',40,76,0,0),(106,'MARIA CECÍLIA ARAUJO DE ARRUDA',40,76,0,0),(107,'MARIA SOFIA TOMAS RODRIGUES ',40,76,0,0),(108,'VALENTINA NECO DO PRADO ZILIO ',40,76,0,0),(109,'SOFIA CRISTOFOLETTI CHIODI ',40,76,0,0),(110,'ANA CLARA DE SOUZA MACEDO ',40,77,1,1),(111,'ARTHUR PÁDUA DE PAULA BELARMINO ',40,77,0,0),(112,'ENRICO AVENA CHIRELLI',40,77,0,0),(113,'ENZO TIETZ',40,77,1,0),(114,'GIULIA BELOTO CALDARI',40,77,1,0),(115,'IAN LEAL ROBLES',40,77,0,0),(116,'ISABELLA MONTEIRO ',40,77,0,0),(117,'JOSÉ SAMUEL GOMES ANDRADE ',40,77,1,0),(118,'LUIS AUGUSTO BOSCOLO QUEIROZ ',40,77,1,0),(119,'MATHEUS ZOTELLI',40,77,1,0),(120,'PEDRO LUIZ DE OLIVEIRA ROCHA NETO',40,77,1,0),(121,'REIS MARCELINO COIMBRA NETO',40,77,1,0),(122,'VALENTINA MANDONE ',40,77,0,0),(123,'VINÍCIUS ALVES DEZUÓ ',40,77,1,0),(124,'GIOVANNI RIBEIRO CAVAGGIONI',40,77,1,0),(125,'BRENO FARAH RAMOS ',40,78,1,0),(126,'CAIO CUCICK ELIAS ',40,78,1,0),(127,'EVELLYN ALICE THOMÉ ',40,78,0,0),(128,'GIOVANA CORRÊA GARCIA',40,78,1,0),(129,'HENRIQUE JOSÉ OLIVEIRA ',40,78,0,0),(130,'HENRIQUE MARCHINI ',40,78,1,0),(131,'HUDSON SÉRGIO OLIVEIRA ',40,78,0,0),(132,'ISAAC NATHAN MENDES DE OLIVEIRA ',40,78,1,0),(133,'LETÍCIA ZOCCA FUZATTO',40,78,1,0),(134,'RENATO TOLEDO LARA ',40,78,0,0),(135,'RYAN VALENTIN BARBOSA ',40,78,1,0),(136,'MATHEUS SESSO LIMA ',40,78,1,0),(137,'ARTHUR VIEIRA ROCHA ',40,79,1,1),(138,'ENRICO GEREVINI DOMINGUES ',40,79,1,0),(139,'FELIPE LIMA QUELLER ',40,79,1,1),(140,'FERNANDO GOMES DE OLIVEIRA ALMEIDA ',40,79,1,0),(141,'JULIA PIRES DA SILVA ',40,79,1,0),(142,'MILTON LUIZ MEDEIROS BIAZOTTI',40,79,1,1),(143,'BRENO OLANDINI MONTEIRO ',40,80,1,1),(144,'DAVI LUIZ MATTUS POMPERMAYER ARAUJO ',40,80,1,0),(145,'ENZO MARUKO ',40,80,1,1),(146,'FELIPE ORIANI PEZZATO',40,80,1,1),(147,'ISABELI PORTELA RIBEIRO',40,80,1,0),(148,'LAURA ROBERTO ROBOTTU',40,80,1,0),(149,'VALENTINA POMPEU ',40,80,0,0),(150,'CAIO JOB NUNES DOS SANTOS ',40,81,1,1),(151,'CAROLINE TUONO ROBADEL DE OLIVEIRA ',40,81,1,1),(152,'ESTHER LUIZA RAMALHO NEVES ',40,81,0,0),(153,'GABRIEL FERNANDES TOLEDO ',40,81,1,0),(154,'ISABELLE LEME RODRIGUES ',40,81,1,1),(155,'ISAC LISBOA MENEZES ',40,81,1,0),(156,'JOÃO ANTONIO LEITE PIRES ',40,81,1,1),(157,'JÚLIA VITÓRIA DA SILVA',40,81,1,1),(158,'LORENZO MAZERO MENDONÇA ',40,81,1,0),(159,'LORENZO MODOLO DA ROSA',40,81,1,1),(160,'LUCCA MACHADO CORDEIRO ',40,81,1,1),(161,'LUIZA PASSARELLI PIMENTA ',40,81,1,0),(162,'MANUELLA PEREZ RODRIGUES ',40,81,1,0),(163,'PEDRO HENRIQUE RODRIGUES ANTUNES ',40,81,1,1),(164,'ELISA GOMES MOURA',40,82,1,0),(165,'GUILHERME ALBERTO FORNAZIER ',40,82,1,0),(166,'HELENA ZATARIM CASAGRANDE',40,82,0,0),(167,'ISABELLE MARIA DAMIANI SANTOS ',40,82,1,0),(168,'ISADORA MARQUES CALLEGARO',40,82,1,0),(169,'KIARA CAVALCANTE STURION ',40,82,1,0),(170,'LAURA MARIANO ',40,82,1,0),(171,'PEDRO BALDIM GOZZO',40,82,0,0),(172,'YAN LOPES DE OLIVEIRA SANTOS ',40,82,0,0),(173,'ADRIANO PEREIRA PRONEÇA ',40,83,1,1),(174,'ANDERSON MARCELINO RIBEIRO FILHO ',40,83,1,0),(175,'ARTHUR DE ALMEIDA MAIA',40,83,1,1),(176,'GUSTAVO ORNELAS MEDEIROS GLOTA',40,83,0,0),(177,'GABRIEL FARIA CAMPOS',40,83,1,1),(178,'ISABELLA BUZELLI',40,83,1,0),(179,'JOÃO PEDRO MELCHIOR DINIZ ',40,83,0,0),(180,'JOÃO PEDRO PAVÃO ',40,83,1,0),(181,'MIGUEL BORTOLETTO POMPERMAYER DA CRUZ',40,83,1,0),(182,'MILENA FERNANDES PINTO ',40,83,1,0),(183,'NICOLE DUARTE DE OLVIEIRA ',40,83,1,0),(184,'LUCAS ALMEIDA DO CARMO',40,83,1,0),(185,'ISADORA DIAS JUNQUEIRA ',40,83,1,0),(186,'GUSTAVO GROPPO BELLUCO',40,84,1,0),(187,'LUCA PAULO DE FARIA ',40,84,0,0),(188,'LUÍS MIGUEL MARTINS ',40,84,1,0),(189,'LUÍSA PIOVANI MONTEIRO ',40,84,1,0),(190,'MAYARA APARECIDA RENOSTO DE ASSIS ',40,84,1,0),(191,'NICOLLAS MIRANDA DOMINGOS DE OLIVEIRA ',40,84,1,0),(192,'PIETRA MURRER THOME ',40,84,0,0),(193,'AGATHA VITÓRIA OLIVEIRA DE BARROS',40,85,1,0),(194,'CARLOS SCHIAVINATO DA SILVA',40,85,1,1),(195,'DANIELA DA SILVA VASCA',40,85,1,1),(196,'DAVI HENRIQUE DUARTE ZAMBELLO ',40,85,1,0),(197,'ENAJÁ CURY MANIERO HUBNER ',40,85,1,0),(198,'GUILHERME GIMENES MUNHOZ ',40,85,1,1),(199,'GUSTAVO MAGALHÃES ',40,85,1,1),(200,'GUSTAVO MANTOVANI TRINCA DE CARVALHO ',40,85,1,1),(201,'ISABELLA DEVAJE ',40,85,1,0),(202,'JOÃO RICARDO SOUSA DOS SANTOS ',40,85,1,1),(203,'KAUÊ MARTIN RODRIGUES ',40,85,1,0),(204,'LEANDRO GABRIEL LIMA',40,85,0,0),(205,'MIGUEL TOLEDO SOUZA ',40,85,1,1),(206,'RAFAEL FERNANDO DOS SANTOS ',40,85,1,1),(207,'SOPHIE DE PAULA ',40,85,1,0),(208,'TAYLA NUNES BEIRA ',40,85,1,0),(209,'AMANDA PRESSUTTO ITEPAN ',40,86,1,1),(210,'DAVI FERNANDO PIRES',40,86,1,1),(211,'ELISA ZATARIM CASAGRANDE',40,86,0,0),(212,'GEOVANI ALBERTO DE TOLEDO SILVA',40,86,1,0),(213,'LARA MALAGOLI CASARIM',40,86,1,1),(214,'LAURYN DOS SANTOS BALIONI ',40,86,1,1),(215,'LORENZO RODRIGUES PIRES',40,86,1,0),(216,'NAYARA DAMASCENO DA SILVA',40,86,1,1),(217,'PIETRA DE MORAES BEGIATO ',40,86,1,0),(218,'STEFANNY BEATRIZ E. DE ARAÚJO SOUZA ',40,86,1,1),(219,'THIAGO ROCHA MARTINS CARVALHO',40,86,0,0),(220,'LORENA RODRIGUES DE MOURA SILVA',40,86,1,1),(221,'ANTÔNIO GONÇALVES LAURENTI ',40,86,1,1),(222,'JOÃO VITOR BETIOLI PAIVA ',40,86,1,1),(223,'BEATRIZ MARIANO DE OLIVEIRA ',40,87,1,0),(224,'ELOIZA MAYARA SALINAS DA SILVA ',40,87,1,0),(225,'EMMANOEL GOMES DE OLIVEIRA ALMEIDA',40,87,1,1),(226,'GABRIEL NICOLAS CUSTÓDIO DE ALMEIDA ',40,87,1,0),(227,'JÚLIA HELENA GODOI BARELA ',40,87,1,0),(228,'ÍRIS DE FÁTIMA DOVIZIO ',40,87,1,1),(229,'MARCIO ROBERTO JACINTHO JUNIOR ',40,87,1,0),(230,'VITOR MIGUEL VIEIRA GRANJA ',40,87,1,1),(231,'YASMIN CRISTINA DEZUÓ ',40,87,1,1),(232,'RAFAEL SABATIN ',40,87,1,0),(233,'AMANDA LEOPOLDINO CARMELO ',40,88,1,0),(234,'EDUARDO CHIODI DE MORAES ',40,88,1,0),(235,'FELIPE BRUCOLI BARBOZA',40,88,1,0),(236,'GIOVANNA PONTES ZINETTI',40,88,1,1),(237,'GUILHERME FERNANDO SOUZA DOS SANTOS ',40,88,1,1),(238,'HILLARY MUNIQUE NUNES COSTA ',40,88,1,0),(239,'JOÃO PEDRO FERREIRA BARROS ',40,88,1,1),(240,'LAURA MURRER THOME',40,88,0,0),(241,'LIVIA LAVÍNIA COELHO ',40,88,1,0),(242,'LUCAS CARVALHO PAVINATTO ',40,88,1,0),(243,'LUCAS POMPERMAYER CORRÊA ',40,88,1,0),(244,'MELISSA FERREIRA SILVA',40,88,1,0),(245,'TAINÁ FERNANDES PINTO ',40,88,1,1),(246,'VICTOR HUGO DORIGON ',40,88,1,1),(247,'VITOR CRESPIO RAVELLI ',40,88,1,0),(248,'ENZO LUIGI ORIANI ',40,89,1,0),(249,'ENZO MALAGOLI CASARIM ',40,89,1,0),(250,'GABRIEL OLIVEIRA MENDES FERREIRA ',40,89,0,0),(251,'GABRIELLI RAYSSA LINO RODRIGUES ',40,89,1,1),(252,'GIOVANNI CRUZ PIMENTA ',40,89,0,0),(253,'GUSTAVO SOARES ',40,89,1,0),(254,'GUSTAVO VASCA DAVANZO ',40,89,1,0),(255,'HEITOR FERREIRA DE SOUZA ',40,89,1,1),(256,'IAGO JOB NUNES DOS SANTOS ',40,89,1,1),(257,'LAURA DOMINGUES ',40,89,0,0),(258,'MANUELLA NUNES COIMBRA PRESSUTTO',40,89,1,0),(259,'MURILO HENRIQUE LIMA DA SILVA',40,89,1,0),(260,'NICOLAS CARVALHO',40,89,1,0),(261,'PEDRO PAULO FERRAZ DE OLIVEIRA ',40,89,1,0),(262,'PIETRA PEREIRA SILVA',40,89,1,0),(263,'RAFAELA REZENDE DE SOUSA',40,89,1,0),(264,'RENATO TRAJANO OLIVEIRA ',40,89,0,0),(265,'YASMIN GIOVANA ROQUE ',40,89,1,0),(266,'ALICE CAPARROZ ESTEVAM ',40,90,1,0),(267,'ANNA LUIZA YAMAKAWA',40,90,1,0),(268,' CLARA CAPARROZ ESTEVAM ',40,90,1,0),(269,'ELOISA SAKZENIAN SOUZA',40,90,0,0),(270,'FELIPE PAIVA RODOVALHO ',40,90,1,1),(271,'GABRIEL FERNANDO DINIZ SOTOPIETRA',40,90,1,1),(272,'JOEL PEREIRA DE JESUS NETO',40,90,1,1),(273,'LARA ZOTELLI BATTISTON ',40,90,0,0),(274,'MANOELLA LOPES FERRAZ',40,90,1,1),(275,'MARINA REIS DA ROSA',40,90,1,1),(276,'RAFAEL BORTOLETTO NORMILIO ',40,90,1,1),(277,'SOPHIA BARBOSA FATORETTO BARROS ',40,90,1,1),(278,'VICTOR ALVES DA SILVA OLIVEIRA ',40,90,1,0),(279,'WILSON TRIGUEIRO FERREIRA JUNIOR ',40,90,1,1),(280,'YASMIN CAVALCANTE STURION',40,90,1,0),(281,'VALÉRIA TOMÉ BREJÃO ',40,90,1,0),(282,'ANA JÚLIA DE CASTRO RODRIGUES ',40,91,1,0),(283,'ANTONIO MIGUEL DE CAMPOS NETO',40,91,1,0),(284,'BEATRIZ PAIVA BERNAL PEREIRA ',40,91,1,0),(285,'CAUÊ DOMINGUES MASSI',40,91,0,0),(286,'DANIEL RIBEIRO ANTUNES ',40,91,0,0),(287,'FILIPE CALTAROSSO',40,91,1,1),(288,'GABRIEL SANTOS SILVA',40,91,1,1),(289,'GISELLE RIBEIRO BANDIEIRA ',40,91,1,0),(290,'GUILHERME NAAMANI OLIVEIRA ',40,91,0,0),(291,'HENRIQUE CORREIA PORTO BENEDITO ',40,91,1,0),(292,'JOÃO PEDRO FIORAVANTE SILVA ',40,91,1,1),(293,'KAYKY FERREIRA RIBEIRO ',40,91,0,0),(294,'MARCUS VINÍCIUS RODRIGUES MENGONI ',40,91,1,1),(295,'MARIA CECÍLIA PATREZZI DA SILVEIRA ',40,91,1,0),(296,'PEDRO ANTONIO RODRIGUES OLIVEIRA SILVA',40,91,0,0),(297,'PEDRO DE ALMEIDA LEITE SILVA ',40,91,1,3),(298,'RAPHAEL LUCAS CUSTÓDIO DE ALMEIDA ',40,91,0,0),(299,'SOFIA LIMA DE OLIVEIRA ',40,91,1,0),(300,'VALENTINA CHITOLINA COSTA BERNARDES ',40,91,1,0),(301,'JEAN LUCAS HARDER OLIVEIRA ',40,91,1,1),(302,'SOFIA PADOVAN ',40,91,1,0),(303,'ANA JÚLIA BORTOLETTO NORMILIO ',40,92,1,1),(304,'ANA LUIZA CARVALHO NOGUEIRA DE MATOS',40,92,0,0),(305,'ANTRANIK SAKZENIAN SOUZA ',40,92,1,0),(306,'CAROLINA GRELLA ',40,92,1,0),(307,'ENZO ARAÚJO DE OLIVEIRA ',40,92,0,0),(308,'HELOISE GRANDIS PAGANO ',40,92,0,0),(309,'JOÃO ANTONIO DA SILVA NETO ',40,92,1,0),(310,'LAÍS MANDRO GUILHEN ',40,92,0,0),(311,'MARA THAUANY ROCHA FERREIRA ',40,92,1,1),(312,'MARCELLA ZOTELLI ',40,92,1,1),(313,'MARIA LUIZA DOS SANTOS SANTIAGO ',40,92,1,1),(314,'NATHAN CAVALCANTE STURION ',40,92,0,0),(315,'THALES JOSÉ GRACIANO ',40,92,0,0),(316,'VINÍCIUS JACY ',40,92,0,0),(317,'YAGO ZARRATIM PONCE ',40,92,1,0),(318,'JOSÉ RICARDO TREVISAM JÚNIOR ',40,92,1,0),(319,'ASAFE MOREIRA PASSARINI ',40,92,1,0),(320,'ALICE PINAZZA ',40,93,1,1),(321,'AMANDA PEDROSO VENTURINI ',40,93,1,0),(322,'ANA JULIA QUEIROZ ',40,93,1,1),(323,'ANDRIÉLLE DE SOUZA RIBEIRO ',40,93,1,1),(324,'BRUNO MUNICELLI GRANZOTTO',40,93,1,1),(325,'GIOVANA REDIGOLO ROSSIN ',40,93,1,0),(326,'ISADORA RODRIGUES SANTIN ',40,93,0,0),(327,'LORENA DINIZ DE CAMARGO ',40,93,1,0),(328,'LILIAM MAYURI NAKASHIMA ',40,93,0,0),(329,'LUCAS BARONI HENRIQUE ',40,93,1,1),(330,'LUIZ FELIPE ALBUQUERQUE DE OLIVEIRA ',40,93,1,0),(331,'MARIA EDUARDA LOPES CALISTRO ',40,93,1,1),(332,'NICOLAS GAVA ',40,93,1,1),(333,'RAFAEL MAGRINI ',40,93,1,0),(334,'SAMANTHA MARIA SCHIAVUZZO CELLA',40,93,1,0),(335,'VITÓRIA TOZINE GARCIA ',40,93,0,0),(336,'RAISSA HARDER OLIVEIRA ',40,93,1,0),(337,'GÉRAUD MELCHIOR BELTRAME ',40,93,1,0),(338,'EMELLY FRANCINE RODRIGUES AVELINO ',40,94,1,0),(339,'GABRIELE DE OLIVEIRA CORREIA ',40,94,1,1),(340,'GABRIELLE ALVES CASONATO ROVERATTI',40,94,1,0),(341,'GIOVANNA RIBEIRO BANDIEIRA ',40,94,0,0),(342,'ISABELLA DA SILVA NOVAIS ',40,94,0,0),(343,'SARAH DA SILVA PINHEIRO ',40,94,0,0),(344,'LETÍCIA FERREIRA SILVA ',40,94,1,0),(345,'NICOLE TAYNÁ COELHO ',40,94,1,1),(346,'OTAVIO ROEL CORREA ',40,94,1,1),(347,'PEDRO BONI REZENDE ',40,94,1,0),(348,'PEDRO ROEL CORREA ',40,94,1,0),(349,'PIETRA FELIPE GOMES ',40,94,1,1),(350,'REBECA SANCHES VIEIRA DA SILVA',40,94,1,3),(351,'VITÓRIA CRIVELLARI DA SILVA',40,94,1,0),(352,'BEATRIZ PINHEIRO DE BARROS ',40,94,1,0),(353,'ALINE VIDAL BALTIERI ',40,95,0,0),(354,'ANA JÚLYA SILVA DE RAMOS',40,95,0,0),(355,'CLARA ANGELI FORONI ',40,95,0,0),(356,'DIOGO CALEFO TELES ',40,95,0,0),(357,'FRANCIELLE GARCIA DE SOUZA ',40,95,0,0),(358,'IGOR AMARO MOREIRA CANGIANI ',40,95,1,0),(359,'INGRID DE FÁTIMA DOVIZIO',40,95,1,0),(360,'ÍSIS PEREIRA DE OLIVEIRA ',40,95,0,0),(361,'JOÃO VICTOR DE OLIVEIRA ',40,95,0,0),(362,'KATHERINA SOUZA CARVALHO ',40,95,1,0),(363,'LARISSA LÚCIA BUSO BORIN ',40,95,0,0),(364,'LAURA DE CAMARGO ',40,95,0,0),(365,'LIVIA DOS SANTOS SOARES',40,95,1,0),(366,'LIVIA MARIA ORNELAS DA SILVA',40,95,0,0),(367,'LORENA DE LIMA CUANI ',40,95,0,0),(368,'LUIZA PERONI BUENO DE CAMARGO ',40,95,1,0),(369,'MARIA EDUARDA DOMINGUES FERREIRA ',40,95,0,0),(370,'PEDRO ARTHUR GRANADEIRO MOREIRA ',40,95,0,0),(371,'RAFALE GAZAFFI ',40,95,0,0),(372,'VANESSA TRINDADE MOREIRA ',40,95,0,0),(373,'VINÍCIUS VIEIRA TARDIVO ',40,95,0,0),(374,'JOÃO PEDRO DA SILVA ',40,95,0,0),(375,'LETÍCIA DOS SANTOS RODRIGUES ',40,96,1,0),(376,'LETÍCIA ZEM DE PAULA ',40,96,1,0),(377,'PEDRO ROCHA CLEMENTI ',40,96,1,0),(378,'RHAYANI MATARAZZO',40,96,1,0),(379,'NICHOLAS ALMEIDA LEME ',40,96,0,0),(380,'ABNNER DA SILVA SIQUEIRA ',40,97,1,0),(381,'ANNA LUIZA BUENO BARBOSA',40,97,1,0),(382,'FÁBIO AUGUSTO MALIGIERI FILHO',40,97,1,0),(383,'GABRIELLE TEIXEIRA CABRAL ',40,97,1,0),(384,'IZABELLA DOMINGOS FRANÇA ',40,97,1,0),(385,'JOÃO LUCAS DA SILVA NOGUEIRA ',40,97,1,0),(386,'LEONARDO FERREIRA LADWIG',40,97,1,0),(387,'LUCAS FELIPE SENICATO ',40,97,1,0),(388,'RAMON BERNO SPADOTI',40,97,1,0),(389,'YAN MARQUES ',40,97,1,0),(390,'YASMIN CALEFO TELES ',40,97,0,0),(391,'MARIANNA MARIAH MÜLLER ',40,97,1,0),(392,'FLÁVIO AUGUSTO DIAS JUNQUEIRA ',40,97,1,0),(393,'ANA GIULIA VERONEZI',40,97,1,0),(394,'EMANOELLE THALITA BATISTA DA SILVA ',41,49,0,0),(395,'HELOISA DE OLIVEIRA LEITE ',41,49,1,0),(396,'MATHEUS CORDEIRO PORRO ',41,49,1,0),(397,'PEDRO HENRIQUE BRIEDA PEREIRA ',41,49,0,0),(398,'VITOR DE JESUS BOAVENTURA ',41,49,1,0),(399,'EDUARDO COHEN CORREA',41,50,0,0),(400,'FABRICIO LIMA DOS SANTOS ',41,50,1,0),(401,'GIOVANNA GOMES DE OLIVEIRA ESTEVES ',41,50,1,0),(402,'GUSTAVO VASCONCELOS DE ARAUJO ',41,50,1,0),(403,'HELOISA CRISTINA DOMINGUES RICARTE ',41,50,0,0),(404,'OTAVIO DA SILVA SANTOS ',41,50,1,0),(405,'WILLIAM CARVALHO TREVELIN',41,50,0,0),(406,'BEATRIZ DOS SANTOS TOZZI',41,51,0,0),(407,'CAIO VINICNIUS PEREIRA FELICIO ',41,51,0,0),(408,'DANIELE REIS DA ROCHA ',41,51,1,0),(409,'GIOVANA CRISTINA DOS SANTOS ANSELMO ',41,51,0,0),(410,'LARISSA DE FREITAS FONSECA ',41,51,0,0),(411,'LETICIA DE MATOS REGO ',41,51,1,0),(412,'LIVIA FABIANNY SILVA TAVARES ',41,51,1,0),(413,'MAYARA SOARES DA SILVA ',41,51,1,0),(414,'VICTOR MANUEL OROS BARBOZA',41,1,0,0),(415,'EDUARDO AUGUSTO DE JESUS FEITOSA ',41,1,1,1),(416,'GABRIEL JOSÉ SILVEIRA ',41,1,1,1),(417,'TATIANE SOUZA MOREIRA ',41,2,1,0),(418,'CARLOS CASSIO ANDRADE TEIXEIRA ',41,2,0,0),(419,'GABRIELI LAUANI NOGUEIRA ',41,2,0,0),(420,'JUSSARA CAMARGO DE FREITAS ',41,2,1,1),(421,'KAUA CAETANO FERREIRA ',41,2,0,0),(422,'KHADIJA SILVA XANTHOPULO ',41,2,0,0),(423,'LAURA AVANCI CAMPIAO',41,2,0,0),(424,'NATHALY GABRIELE DA SILVA ARAUJO ',41,2,0,0),(425,'RAI ALVES DA SILVA',41,2,1,1),(426,'RYAN DELFINO BUENO ',41,2,0,0),(427,'GABRIEL WILLIAM BARBOSA DE CAMARGO ',41,7,0,0),(428,'ISABELLE CRISTINA GONÇALVES ',41,7,0,0),(429,'JESSICA DE SOUZA MACHADO DE OLIVEIRA ',41,7,1,0),(430,'LEANDRO ROMEIRO DE CARVALHO ',41,7,0,0),(431,'MARCOS VINÍCIUS RODRIGUES BRAGANÇA ',41,7,0,0),(432,'NATHALIA JUSTINO ERNANDES ',41,7,0,0),(433,'NICOLAS ZUCHINI ',41,7,1,0),(434,'ANDRE JOAQUIM PRATES',41,13,0,0),(435,'DANILO ZOCCA VERDERAME ',41,13,0,0),(436,'GUSTAVO BRENO BARELLA ',41,13,0,0),(437,'JOÃO GABRIEL FREITAS CAMPOS ',41,13,0,0),(438,'GABRIEL GIOVANETTI SPADOTO',42,0,1,1),(439,'LUCAS RIBEIRO DOS SANTOS',42,0,0,0),(440,'MARCOS PEREIRA GOMES ',42,0,1,0),(441,'DAVI FELIPE MENDES DA SILVA',42,0,0,0),(442,'LEONARDO MARANGONI ',42,0,0,0),(443,'MARIA LUIZA DE MORAES',42,0,0,0),(444,'DOUGLAS HENRIQUE DOS SANTOS TOLEDO',42,0,1,0),(445,'VITOR SILVA SARTORELLO',42,0,1,1),(446,'BEATRIZ MACIEL PAIS DOS SANTOS ',42,0,0,0),(447,'MARIANA VITÓRIA CAMPOS GUIMARÃES ',42,51,1,0),(448,'ALICE MANUELA SOUZA SALVIANO ',42,0,1,1),(449,'NICOLAS OLIVEIRA MORAES',42,0,0,0),(450,'HENRIQUE CAMUZZI ',42,49,0,0),(451,'DANIEL BOTEZELI DE TOLEDO',42,49,0,0),(452,'EMILLY OLIVEIRA SANTOS ',43,38,1,0),(453,'VITÓRIA AMARO PELICER ',43,38,1,0),(454,'GABRIELA SILVA MARTINS ',43,38,1,0),(455,'PEDRO SALDANHA ALEXANDRINO ',43,39,1,0),(456,'BRENDO FORTE SILVA',43,49,1,0),(457,'DANIELE GOMES DE CARVALHO',43,49,1,1),(458,'CAUÃ FELIPE DOS SANTOS',43,49,1,1),(459,'FERNANDO PEREIRA BARBOSA ',43,50,1,0),(460,'LUIZ FELIPE MOREIRA MENDES ',43,50,1,1),(461,'KAYLLAINE CLEMENTINO XAVIER ',43,50,1,1),(462,'KAIO CESAR MOREIRA',19,7,1,0),(463,'DAVI QUEIROZ SANTANA',20,8,1,0),(464,'MIGUEL DAVI AP OBAGE',20,19,1,0),(465,'FELIPE AUGUSTO DE OLIVEIRA',20,21,1,0),(466,'JULIA NICOLLY VITORINO SANTOS',20,9,1,0),(467,'GABRIELA FRANCISCA SILVESTRE',20,8,0,0),(468,'EMANUELA MATIAS DE OLIVEIRA',21,2,0,0),(469,'CARLOS EDUARDO OLIVEIRA',21,27,1,1),(470,'KLEIDO JOSUÉ D. SOUSA',21,26,1,1),(471,'SABRYNA VICTORIA VESPA TORRES',21,25,1,1),(472,'NATHAN SILVA SOUZA',21,14,1,0),(473,'ARTHUR GABRIEL MUZA',21,16,1,0),(474,'GABRYELLE DE GOES DOS SANTOS',21,10,1,0),(475,'MARIA HELENA RODRIGUES PEREIRA',21,10,1,0),(476,'DAVI DONISETI OLIVEIRA LAU',21,9,0,0),(477,'MURILO OLIVEIRA DA SILVA',21,9,0,0),(478,'PYETRO SILVA SANTANA',22,2,1,0),(479,'IGNÁCIO GABRIEL MORAES AZEVEDO',22,9,1,0),(480,'MARIA CLARA MONTANHOLI',22,27,0,0),(481,'LARISSA VITÓRIA BATISTA DA SILVA',22,15,1,0),(482,'ELOÁ EMANUELE BELTRAN',22,19,0,0),(483,'EDUARDO SCHMIDT FIGUEIRA',22,19,1,0),(484,'KAUÃ ROSA SOARES',23,25,1,1),(485,'KAIO AUGUSTO VIANNA COSTA',23,25,1,0),(486,'LUIS ANTONIO CHRISTIANO SPACIUK',23,25,1,1),(487,'EVELLYN HELENE F. SILVA',23,25,1,0),(488,'HADRYAN LEONARDO FABIANO',23,25,1,1),(489,'GABRIEL HENRIQUE NASCIMENTO',23,20,0,0),(490,'MIGUEL SANTANA CERIDÓRIO',24,13,1,0),(491,'SAMIRA BELI DA NOBREGA',24,21,1,0),(492,'LUIZ FELIPE A. CAMPANHA',24,20,1,0),(493,'MARIA FERNANDA LIMA',24,9,0,0),(494,'YURI KIELTERNE DE LIMA SAMPAIO',24,9,0,0),(495,'GABRIEL CRISTIANO FERNANDES',24,7,1,0),(496,'STEFANY DE SOUZA DE OLIVEIRA',24,10,1,0),(497,'ANGELO GABRIEL SOUZA BRASIL',25,7,1,0),(498,'WILLIAM FERNANDO BONATI',25,25,1,1),(499,'MATHEUS HENRIQUE LAGO',26,26,0,0),(500,'YURI SUNDFELD',26,14,1,0),(501,'NICOLY FERNANDA DA SILVEIRA',26,19,1,0),(502,'STEPHANIE VICTÓRIA SANTOS S.',26,21,1,0),(503,'LINIKER STEFANI DE PAULA',26,20,0,0),(504,'JOÃO MARCO STILLE',26,20,1,0),(505,'GABRIEL DA SILVA BERTONI',26,7,0,0),(506,'VITOR ISAQUE RAMOS PEREIRA',26,7,0,0),(507,'VICTOR MIGUEL KLAUS',27,13,0,0),(508,'YASMIN CRISTINA DE OLIVEIRA',27,13,0,0),(509,'REBECA NICOLAL CIRILO',27,25,1,0),(510,'GABRIEL HENRIQUE ANDRADE',28,20,0,0),(511,'MATHEUS AUGUSTO DA SILVA',28,20,1,0),(512,'LIVIA C. CAPELLA',28,14,1,0),(513,'PEDRO HENRIQUE ALVES SILVA',29,15,1,0),(514,'MILENA MARINHO DA CRUZ',29,20,1,0),(515,'JOÃO VITOR OLIVEIRA RODRIGUES',29,25,1,1),(516,'MATHEUS BEZERRA SOARES',30,1,1,0),(517,'ALAN BEZERRA SOARES',30,1,1,0),(518,'DIEGO HENRIQUE',31,13,1,0),(519,'GUILHERME JESSÉ S. FIGUEIREDO',31,20,1,0),(520,'RYAN GABRIEL AMORIM DA SILVA',31,21,1,0),(521,'CAUAN HENRIQUE LIMA',31,19,1,0),(522,'CAIO H FLATIC DE OLIVEIRA',32,7,1,0),(523,'JULIA ROVERSSI BUENO',32,8,1,0),(524,'MARIA EDUARDA TESSARIN',32,8,1,0),(525,'AGATHA MARIANA',33,1,0,0),(526,'PAULO RENAN LEITE',33,8,0,0),(527,'RUBENS',33,19,0,0),(528,'GABRIEL HENRIQUE PASSOS OMENA',33,19,1,0),(529,'MIGUEL CANTELI NASCIMENTO',33,7,0,0),(530,'PIETRA MICHAEL PIOVEZANI',33,7,1,0),(531,'JULIO DE SOUZA OLIVEIRA',33,14,1,0),(532,'RYAN EZIDIO GARCIA SILVA',34,21,1,0),(533,'VINICIUS APARECIDO DE LIMA',34,21,1,0),(534,'SAMUEL PHELIPE DE SOUZA',34,9,1,0),(535,'MATHEUS RIBEIRO DA SILVA',34,9,1,0),(536,'KAYKY FERNANDES DE BRITO ',38,98,1,0),(537,'FELIPE GABRIEL ALVES COSTA ',42,98,1,0),(538,'RUAN LEITE CAMPOS ',42,98,1,1),(539,'HELTON GIUSTI ',42,98,0,0),(540,'GABRIEL LEVY GUEDES FALONE ',42,50,1,0),(541,'MATEUS PEREZ NETO ',40,76,1,0),(542,'LARA CORRÊA VITO',40,82,1,0),(543,'DANIEL SANTOS SANCHES ',40,93,1,1),(544,'RYCHARD RAMALHO DE SOUZA OLIVEIRA ',40,87,1,1),(545,'DAVI APARECIDO DOS SANTOS SCARPARI',40,92,1,0),(546,'BRUNA NUNES LOPES ',40,94,0,0),(547,'FABIANO LEMOS ZANIN',40,94,0,0),(548,'GABRIEL NUCCI DE OLIVEIRA ',40,94,0,0),(549,'IAN RENCI',40,95,0,0),(550,'MANUELA BRUCOLI VIDAL',40,95,0,0),(551,'NATHALIA MAGRINI VARZELETTI',40,94,0,0),(552,'SAMANTA CRUZATO RODRIGUES ',40,96,0,0),(553,'MARCOS VINÍCIUS HONORIO',40,96,0,0),(554,'MARIA EDUARDA DIAS JUNQUEIRA ',40,96,0,0),(555,'STEPHANIE DESIDERIO ALVES ',40,96,0,0),(556,'GIOVANE RUIZ SOUZA',40,96,0,0),(557,'ENRICO FRANZINI DE ALMEIDA ',44,1,0,0),(558,'ARTHUR PALUDETTI',44,1,0,0),(559,'ENRICO CIRELLI ',44,2,0,0),(560,'AUGUSTO HENRIQUE LOPES ',44,7,0,0),(561,'BRUNO DE FREITAS PERNA ',44,7,0,0),(562,'RAFAEL GENEROSO',44,7,1,0),(563,'JOSÉ AUGUSTO BERTIPAGLIA DE MELO ',44,8,0,0),(564,'GABRIEL BRENNECKE S. GENTIL ',44,13,1,0),(565,'JÚLIA FELIX BERTINI ',44,13,1,0),(566,'LUCAS MARINELI BARBALHO ',44,13,1,0),(567,'MIGUEL BRAMBILLA COVRE ',44,13,1,0),(568,'HENRIQUE M. DE OLIVEIRA ',44,14,1,0),(569,'JOÃO PEDRO RODRIGUES ',44,14,0,0),(570,'SOFIA LEME DO AMARAL ',44,14,1,0),(571,'VINICIUS SONSSIN GONÇALVES ',44,14,0,0),(572,'ANDRÉ VÍTOR FRANZIN MARCATTO ',44,19,1,0),(573,'LETÍCIA SEGATTO MAZARO ',44,19,1,0),(574,'MATHEUS VILAS BÔAS GUIMARÃES MORAES SECAF ',44,19,1,0),(575,'RAFAEL VALENTIM DE BRITO ',44,19,1,0),(576,'VINICIUS RESCHINI ',44,19,1,0),(577,'CARLOS EDUARDO TAROSSI ',44,20,0,0),(578,'GABRIEL FLORENCIO DA CUNHA ',44,20,0,0),(579,'GIOVANA LUZ FERNANDES ',44,20,0,0),(580,'ISABELLY APARECIDA SCARELLI ',44,20,0,0),(581,'JÚLIA APARECIDA DE FABIO ',44,20,0,0),(582,'LETÍCIA FERREIRA ',44,20,0,0),(583,'LIVIA CARLINO DA COSTA ',44,20,0,0),(584,'LORENZO CIRELLI ',44,20,0,0),(585,'PEDRO HENRIQUE COLOGNESI VENÂNCIO ',44,20,1,0),(586,'CAETANO ISSA GARAVASO ',44,25,0,0),(587,'EDUARDA SOUZA GALEGO ',44,25,0,0),(588,'ELISA DE MORAIS CERANTOLA ',44,25,0,0),(589,'LUCCA COSTA GONÇALVES ',44,25,1,0),(590,'LUÍSA COSTA GONÇALVES ',44,25,1,1),(591,'LUIZA CRUZ CIRELLI ',44,25,0,0),(592,'MIGUEL CORSATO MASSOLI ',44,25,1,1),(593,'PEDRO HENRIQUE DE SOUZA LUCIANO ',44,25,0,0),(594,'PEDRO HENRIQUE MIRANDA ',44,25,0,0),(595,'SOFIA MANHANE PRATTA ',44,25,1,0),(596,'BRUNO ZAFFALON ',44,26,0,0),(597,'GUILHERME CRIVELLARI GIACON ',44,26,1,1),(598,'GUILHERME MARINELI BARBALHO ',44,26,0,0),(599,'JULIANA ZANATTA DOS SANTOS ',44,26,1,0),(600,'LUCAS CAMPOS CORRÊA ',44,26,1,1),(601,'MARIA CLARA MAYESE GARBUIO ',44,26,0,0),(602,'MARIA FERNANDA B. DE FALCO ',44,26,0,0),(603,'MATHEUS MAZZONETTO DE OLIVEIRA ',44,26,0,0),(604,'MIGUEL BARBOSA CASAGRANDE KORCH ',44,26,0,0),(605,'ENZO DE LORENZO MARTINS ',44,99,0,0),(606,'GABRIEL CORTELAZZI FERNANDES ',44,99,0,0),(607,'JOÃO PEDRO PANISA VITORETE ',44,99,0,0),(608,'THIAGO BERTOLUCCI ',44,99,0,0),(609,'ANA MEL BERTOLUCCI ',44,100,1,0),(610,'ANTONIO LUCAS FRANZIN MARCATTO ',44,100,1,0),(611,'GABRIEL MOTTA VIEIRA ',44,100,0,0),(612,'HUMBERTO MATHEUS TIENGO ',44,100,1,0),(613,'LARISSE BARBOZA TAVARES ',44,100,1,0),(614,'LETICIA CABRAL ',44,100,1,0),(615,'LETÍCIA MASSANATTI MANHANE ',44,100,1,0),(616,'LETICIA RIZZI JUNQUEIRA ',44,100,1,0),(617,'LUMA ELISA LOPES ',44,100,1,0),(618,'RAUL MILARÉ GRIPA ',44,100,1,0),(619,'ANDRÉ COUTINHO FERNANDES JUNIOR ',44,98,0,0),(620,'ANDRÉ PEREIRA FERNANDES ',44,98,0,0),(621,'GUILHERME BERTOLI ',44,98,0,0),(622,'JOÃO GABRIEL SODRÉ COLUCCI',44,98,1,0),(623,'JOÃO VITOR RESCHINE JARDIM ',44,98,1,0),(624,'LUIZ ANTONIO F. DUARTE NETO ',44,98,0,0),(625,'MATHEUS GONÇALVES ',44,98,0,0),(626,'PEDRO DE MORAIS CERANTOLA ',44,98,0,0),(627,'RODRIGO LUIS GASPARINO LUCATELLI ',44,98,0,0),(628,'ALISSON ALBIERI MORGADO ',44,96,1,0),(629,'ADRYAN NEWTON ASSUNÇÃO OKANO ',44,101,1,1),(630,'CATARINA BRAMBILLA SIQUEIRA ',44,101,0,0),(631,'ELLOAH CASSIMIRO CUSTODIO ',44,101,1,1),(632,'GIOVANNA MUSSOLINI SERPENTINO ',44,101,1,1),(633,'GUILHERME RODRIGO DE OLIVEIRA ',44,101,1,1),(634,'MARIA CLARA BET BOTARO ',44,101,1,1),(635,'PEDRO DANIEL PRESCINOTTI ',44,101,1,1),(636,'VINÍCIUS BARBALHO GIROTTI ',44,101,1,1),(637,'GUILHERME BERTOLI',44,49,1,0),(638,'ANDRÉ PEREIRA FERNANDES',44,49,1,0),(639,'JOÃO COLUCCI ',44,49,0,0),(640,'PEDRO DE MORAIS CERANTOLA',44,49,1,3),(641,'JOÃO COLUCCI',44,49,0,0),(642,'LETICIAMANHANE',44,43,0,0),(643,'LETICIA RIZZI JUNQUEIRA',44,43,0,0),(644,'AUGUSTO HENRIQUE LOPES',44,7,1,0),(645,'LUMA ELISA LOPES',44,43,0,0),(646,'HUMBERTO MATHEUS TIENGO',44,43,0,0),(647,'RODRIGO LUÍS GASPARINO LUCATELLI',44,49,1,0),(648,'ISABELLA MARIA DE CARVALHO CRUPE',44,43,0,0),(649,'ELISA DE MORAIS CERANTOLA',44,25,1,1),(650,'GABRIEL CORTELAZZI FERNANDES',44,37,1,1),(651,'ANDRE COUTINHO FERNANDES JUNIOR',44,49,1,1),(652,'JOÃO PEDRO PANISA ',44,37,1,1),(653,'JOSÉ AUGUSTO BERTIPAGLIA DE MELO',44,8,1,0),(654,'MARIA  CLARA MAYESE  GARBUIO',44,26,1,1),(655,'PEDRO HENRIQUE MIRANDA',44,25,1,1),(656,'MATHEUS MAZZONETTO DE OLIVEIRA',44,26,1,0),(657,'HENRIQUE MAZZONETTO DE OLIVEIRA',44,14,0,0),(658,'GIOVANA LUZ FERNANDES',44,20,1,0),(659,'MIGUEL BRAMBILLA COVRE',44,13,0,0),(660,'JOÃO PEDRO RODRIGUES',44,14,1,0),(661,'ISABELLY APARECIDA SCARELLI',44,20,1,0),(662,'BRUNO ZAFFALON',44,26,1,0),(663,'VINICIUS SONSSIN GONÇALVES',44,14,1,0),(664,'LETÍCIA FERREIRA',44,20,1,0),(665,'CARLOS EDUARDO TAROSSI',44,20,1,0),(666,'LUIZA CRUZ CIRELLI',44,25,1,1),(667,'LUIZ ANTONIO FURTADO DUARTE NETO ',44,49,1,0),(668,'ENZO DE LORENZO MARTINS',44,37,1,1),(669,'PEDRO HENRIQUE DE SOUZA LUCIANO',44,25,1,0),(670,'MIGUEL BARBOSA CASAGRANDE KORCH',44,26,1,1),(671,'ALISSON ALBIERI MORGADO',44,1,0,0),(672,'LIVIA CARLINO DA COSTA',44,20,1,0),(673,'CAETANO ISSA GARAVASO',44,25,1,1),(674,'VINÍCIUS BARBALHO GIROTTI',44,31,0,0),(675,'ENRICO FRANZINI DE ALMEIDA',44,1,1,0),(676,'RAFAEL GALETTI GENEROSO',44,7,0,0),(677,'EDUARDA SOUZA GALEGO',44,25,1,0),(678,'SOFIA MANHANE PRATA',44,7,0,0),(679,'MARIA FERNANDA BONITATIBUS DE FALCO',44,26,1,1),(680,'LUCAS MARINELI BARBALHO',44,13,0,0),(681,'GABRIEL BRENNECKE SALZANO GENTIL ',44,13,0,0),(682,'BRUNO DE FREITAS PERNA',44,7,1,0),(683,'LORENZO CIRELLI',44,20,1,0),(684,'ENRICO CIRELLI',44,2,1,0),(685,'LETICIA CABRAL',44,43,0,0),(686,'CATARINA BRAMBILLA SIQUEIRA',44,31,1,1),(687,'JULIA FELIX BERTINI ',44,13,0,0),(688,'GABRIEL FLORÊNCIO DA CUNHA',44,20,1,0),(689,'JÚLIA APARECIDA DE FÁBIO ',44,20,1,0),(690,'LETÍCIA SEGATTO MAZARO',44,19,0,0),(691,'GUILHERME MARINELI BARBALHO',44,26,1,0),(692,'ARTHUR PALUDETTI FARONI',44,1,1,0),(693,'MATHEUS GONÇALVES',44,49,1,0),(694,'VINICIUS RESCHINI',44,19,0,0),(695,'THIAGO BERTOLUCCI',44,37,1,1),(696,'PEDRO DE LIMA NASCIMENTO ',44,1,1,0),(697,'THÉO COELHO SILVA ',45,25,1,0),(698,'JOSE RENATO PEREIRA DA SILVA',42,31,1,0),(699,'ANTONIO JOÃO BASTOS FERREIRA DE SOUSA',46,43,0,0),(700,'VITOR EDUARDO GREGOLDO DE SOUSA',47,1,1,1),(701,'ELISEU FRANÇA VIANA ',47,49,1,1),(702,'WALLACE GABRIEL BARBOSA MOREIRA',47,54,1,1),(703,'GUSTAVO VIANA FELISBERTO',47,49,1,0),(704,'JULIA POMPILIO MALARDO DE MORAES',47,31,1,0),(705,'GABRIEL PEREIRA DA CUNHA',47,27,1,1),(706,'ESDRAS LEONCIO DE OLIVEIRA ',47,23,1,1),(707,'LUCAS DOS SANTOS RIBEIRO',47,13,1,0),(708,'ADRIAN AMORIM DA SILVA',47,32,1,1),(709,'JOSE CARLOS ABRANTES PINHEIRO',47,10,1,0),(710,'LUIZ EDUARDO LIMA SOARES',47,1,1,0),(711,'THAUANY DA SILVA',47,43,1,1),(712,'THAIS VITÓRIA DA SILVA',47,7,1,0),(713,'KAUÃ HENRIQUE RIBEIRO DE OLIVEIRA',47,38,1,1),(714,'VICTOR HUGO FERNANDES CAPELOSSI',47,76,1,1),(715,'RAFAEL LIRIO NASCIMENTO',47,13,1,0),(716,'MICHEL DA SILVA RAMPIN',47,13,1,0),(717,'LUIZ FERNANDO LIMA VENEZIO',47,33,1,1),(718,'CAUÃ ASSUNÇÃO PEREIRA',47,31,1,1),(719,'JOÃO PEDRO GAIOLI',47,31,1,0),(720,'SARA ARANTES SIQUEIRA',47,14,1,0),(721,'WESLEY FELIPE MARTINS DOS SANTOS',47,19,1,0),(722,'CAIO CAETANO CARNIER',47,1,0,0),(723,'RICARDO BORGES JUNIOR',47,40,1,1),(724,'GUSTAVO KENZO',47,38,1,1),(725,'DANIEL SANTOS SANCHES',40,92,0,0),(726,'NICOLE PINHO JORDÃO',44,19,1,0),(727,'  BRUNA LOPES ',40,94,0,0),(728,'NATHALIA MAGRINI ',40,94,1,0),(729,'ISADORA RODRIGUES SANTIN',40,93,1,0),(730,'LUIZ GUSTAVO ROCHA',40,97,1,0),(731,'MARCOS VINICIUS HONORIO',40,96,1,0),(732,'GIOVANE RUIZ SOUZA  ',40,96,1,0),(733,'CAIO H FLATIC DE OLIVEIRA ',32,1,0,0),(734,'GUILHERME TEIXEIRA BORGES',36,9,1,0),(737,'LUIZ ANTONIO F. DUARTE NETO',44,98,0,0),(738,'JOÃO VITOR TAVARES',38,49,1,0),(739,'NATHALIA FRANCO FORTE GOMES ',20,13,0,0),(740,'NATHALIA FRANCO FORTE GOMES ',49,13,1,0),(741,'LAURA CAETANO VAJDA',49,13,1,0),(742,'FELIPE RODRIGUES BIOJONE',49,13,1,0),(743,'LUCAS ALVES PEREIRA ',49,13,1,0),(744,'TIAGO RODRIGUES BIOJONE',49,25,1,0),(745,'BERNANDO FERREIRA AFFONSO',49,13,1,0),(746,'MANUELA FERREIRA AFFONSO ',49,13,1,0),(747,'NINA GOMES CATAFESTA GAROFANO',49,31,0,0),(748,'SOPHIA IANELLA CAETANO ',49,31,0,0),(749,'HELENA NOGUEIRA DAMASCENO',49,37,1,0),(750,'BIANCA GOSSKOPF MEDEIROS',49,37,1,3),(751,'GIOVANA BARRETO GURGEL',49,37,0,0),(752,'LUIS FELIPE DE JESUS BARROS',49,31,0,0),(753,'NUNO AUGUSTO DE MELLO E CASTRO',49,43,1,0),(754,'ARTHUR DAMARTINI PACHECO',49,43,1,0),(755,'IAN MESSERE ROMANCINI OLIVEIRA SANTOS ',49,1,1,3),(756,'KADU CATTA PRETA CARNEIRO',49,37,0,0),(757,'ISADORA RENATA DE OLIVEIRA ',49,7,1,1),(758,'ISADORA OLIVEIRA RAMALHO',49,1,1,1),(759,'LOURENÇO PAULETO DO PADRO',49,49,1,3),(760,'LOURENÇO PAULETO DO PADRO',49,49,0,0),(761,'ANTONIO JOAO',46,0,1,3),(762,'LUCAS PEDROSO VENTURINI',40,29,0,0),(763,'LUCAS PEDROSO VENTURINI',40,87,1,1),(764,'VALENTINA VICTORIA VIOLA ',40,87,1,0),(765,'EDUARDO FORNAZZARO FELIPE',40,90,1,1),(766,'FREDERICO BORTOLETTO FILHO',40,89,0,0),(767,'MARIE MALAGOLI KITAHARA',40,83,1,0),(768,'GABRIEL MALAGOLI BOLDRIN ',40,83,1,0),(769,'VITOR HUGO MALAGUTI SILVA',45,19,0,0),(770,'MARIA PAULA DE MOURA NASCIMENTO',45,38,1,0),(771,'LUANA SILVA CAVALCANTE BATALHÃO ',45,38,1,0),(772,'ARTHUR MARQUES TOSO',47,36,1,1),(773,'JONATHAN SILVA NEVES',47,38,1,1),(774,'LUCAS NATAN MARQUES RODRIGUES',47,43,1,1),(775,'ENZO ESTEVES LOMBARDI ',45,19,0,0),(776,'ANTENOR HENRIQUE ALEIXO FILHO ',45,19,0,0),(777,'DAVI CORREA CARNEIRO',45,0,1,0),(778,'JOÃO CORREA CARNEIRO',45,25,1,0);
/*!40000 ALTER TABLE `alunos` ENABLE KEYS */;
UNLOCK TABLES;

--
-- Table structure for table `escolas`
--

DROP TABLE IF EXISTS `escolas`;
/*!40101 SET @saved_cs_client     = @@character_set_client */;
/*!40101 SET character_set_client = utf8 */;
CREATE TABLE `escolas` (
  `idEscolas` int(11) NOT NULL AUTO_INCREMENT,
  `Nome` varchar(150) DEFAULT NULL,
  PRIMARY KEY (`idEscolas`)
) ENGINE=InnoDB AUTO_INCREMENT=50 DEFAULT CHARSET=latin1;
/*!40101 SET character_set_client = @saved_cs_client */;

--
-- Dumping data for table `escolas`
--

LOCK TABLES `escolas` WRITE;
/*!40000 ALTER TABLE `escolas` DISABLE KEYS */;
INSERT INTO `escolas` VALUES (19,'Bernardo Garcia'),(20,'Coronel Augusto César'),(21,'Deolinda Conceição Santos Meira'),(22,'Dona Júlia Rodrigues Leme'),(23,'Ap. Taufic Nassif Mansur Naif'),(24,'Dinei Ivete Raiter Rocha'),(25,'Helaine Koch Gomes'),(26,'Malackey Taufic Albuquerque'),(27,'Maria Amalia Bonfanti Lemos'),(28,'Maria Gonçalves Mourão'),(29,'Raquel dos Anjos Marcelino'),(30,'Renata Baccarin'),(31,'Ruth Zelina Albers Harder'),(32,'Salma Elmor Nassif'),(33,'Alcides Kammer Andrade'),(34,'Mario Zini'),(35,'EE HONORATO FAUSTINO '),(36,'ESTADUAL SUD MENNUCCI '),(37,'ÁUREA MONTEZZO BEISSMANN'),(38,'JOSÉ PEDRO MARIOTTI '),(39,'EROTIDES DE CAMPOS '),(40,'METROPOLITANO '),(41,'JERONYMO GALLO '),(42,'JOSÉ ROMÃO '),(43,'MANASSÉS EPHRAIN PEREIRA'),(44,'CEDESC ANGLO'),(45,'COC BATATAIS'),(46,'MY ROBOT ÁGUAS CLARAS'),(47,'SUPREMA CURSOS'),(48,'COC'),(49,'COC LAGO NORTE');
/*!40000 ALTER TABLE `escolas` ENABLE KEYS */;
UNLOCK TABLES;

--
-- Table structure for table `participacao`
--

DROP TABLE IF EXISTS `participacao`;
/*!40101 SET @saved_cs_client     = @@character_set_client */;
/*!40101 SET character_set_client = utf8 */;
CREATE TABLE `participacao` (
  `idParticipacao` int(11) NOT NULL AUTO_INCREMENT,
  `idAluno1` int(11) DEFAULT NULL,
  `idAluno2` int(11) DEFAULT NULL,
  `idProvas` int(11) DEFAULT NULL,
  `P1` double DEFAULT NULL,
  `P2` double DEFAULT NULL,
  `P3` double DEFAULT NULL,
  `Tempo` time DEFAULT NULL,
  PRIMARY KEY (`idParticipacao`),
  KEY `idProvas_Part_idx` (`idProvas`),
  KEY `idAluno1_Part_idx` (`idAluno1`),
  KEY `idAluno2_Part_idx` (`idAluno2`),
  CONSTRAINT `idAluno1_Part` FOREIGN KEY (`idAluno1`) REFERENCES `alunos` (`idAlunos`),
  CONSTRAINT `idAluno2_Part` FOREIGN KEY (`idAluno2`) REFERENCES `alunos` (`idAlunos`),
  CONSTRAINT `idProvas_Part` FOREIGN KEY (`idProvas`) REFERENCES `provas` (`idProvas`) ON UPDATE CASCADE
) ENGINE=InnoDB AUTO_INCREMENT=761 DEFAULT CHARSET=latin1;
/*!40101 SET character_set_client = @saved_cs_client */;

--
-- Dumping data for table `participacao`
--

LOCK TABLES `participacao` WRITE;
/*!40000 ALTER TABLE `participacao` DISABLE KEYS */;
INSERT INTO `participacao` VALUES (16,478,NULL,1,5,0,0,'10:40:00'),(17,522,NULL,1,0,0,0,'03:00:00'),(18,684,NULL,1,0,9,0,'03:00:00'),(19,653,NULL,1,0,7,0,'10:45:00'),(20,498,NULL,3,510,0,0,'01:09:09'),(21,696,NULL,1,0,0,0,'03:00:00'),(22,513,NULL,4,3,0,0,'00:58:47'),(23,531,NULL,4,2,0,0,'02:00:00'),(24,682,NULL,1,0,0,0,'03:00:00'),(25,515,NULL,3,510,0,0,'02:19:06'),(26,500,NULL,4,2,0,0,'01:05:28'),(27,470,NULL,3,510,0,0,'01:32:28'),(28,562,NULL,1,5,0,0,'10:48:00'),(29,512,NULL,4,3,0,0,'03:00:00'),(30,481,NULL,4,2,0,0,'02:47:00'),(31,644,NULL,1,0,0,5,'10:49:00'),(32,472,NULL,4,3,0,0,'01:08:00'),(33,675,NULL,1,0,0,0,'03:00:00'),(34,471,NULL,3,510,0,0,'01:39:19'),(35,485,NULL,3,510,0,0,'01:17:12'),(36,473,NULL,4,3,0,0,'00:53:12'),(37,469,NULL,3,510,0,0,'02:03:42'),(38,514,491,2,1,0,0,'03:00:00'),(39,483,511,2,0,0,0,'03:00:00'),(40,466,NULL,1,9,0,0,'03:00:00'),(41,517,NULL,1,0,0,5,'10:53:00'),(42,519,NULL,4,3,0,0,'02:48:00'),(43,518,NULL,4,0,0,0,'01:18:28'),(44,516,NULL,1,0,0,0,'10:55:00'),(45,535,NULL,1,0,0,0,'03:00:00'),(46,465,464,2,2,0,0,'03:00:00'),(47,501,528,2,0,0,0,'03:00:00'),(48,490,NULL,4,3,0,0,'01:10:16'),(49,488,NULL,3,510,0,0,'01:44:00'),(50,463,NULL,1,0,0,0,'10:57:00'),(51,520,NULL,4,2,0,0,'03:00:00'),(52,521,NULL,4,3,0,0,'02:42:00'),(53,534,NULL,1,0,0,7,'03:00:00'),(54,462,479,5,9,0,0,'03:00:00'),(55,530,495,5,0,0,0,'03:00:00'),(56,502,504,2,2,0,0,'03:00:00'),(57,532,533,2,0,0,0,'03:00:00'),(58,2,NULL,4,1,0,0,'03:00:00'),(59,523,497,5,6,0,0,'03:00:00'),(60,496,524,5,0,0,0,'03:00:00'),(61,475,NULL,1,0,0,0,'11:01:00'),(62,492,NULL,3,510,0,0,'02:04:00'),(63,474,NULL,1,0,5,0,'11:01:00'),(64,484,NULL,3,510,0,0,'00:42:23'),(65,565,NULL,4,0,0,0,'01:12:22'),(66,4,NULL,4,1,0,0,'03:00:00'),(67,486,NULL,3,510,0,0,'01:32:00'),(68,568,NULL,4,3,0,0,'00:56:59'),(69,11,9,2,2,0,0,'03:00:00'),(70,487,509,2,0,0,0,'03:00:00'),(71,1,NULL,4,2,0,0,'02:22:00'),(72,688,NULL,3,510,0,0,'01:38:59'),(73,566,NULL,4,2,0,0,'01:16:10'),(74,564,NULL,4,2,0,0,'02:51:00'),(75,683,NULL,3,510,0,0,'01:53:19'),(76,576,5,2,2,0,0,'03:00:00'),(77,573,726,2,0,0,0,'03:00:00'),(78,567,NULL,4,3,0,0,'02:57:00'),(79,689,664,2,1,0,0,'03:00:00'),(80,8,7,2,0,0,0,'03:00:00'),(81,661,NULL,4,2,0,0,'02:53:00'),(82,12,NULL,3,510,0,0,'02:15:00'),(85,672,NULL,4,2,0,0,'03:00:00'),(86,6,NULL,4,1,0,0,'02:05:09'),(87,575,677,2,2,0,0,'03:00:00'),(88,13,14,2,0,0,0,'03:00:00'),(89,665,NULL,3,510,0,0,'01:56:08'),(90,574,NULL,4,1,0,0,'01:17:59'),(91,670,NULL,4,3,0,0,'02:54:00'),(92,572,NULL,4,3,0,0,'00:43:19'),(93,640,NULL,7,1,0,0,'00:01:16'),(94,600,NULL,3,510,0,0,'01:58:45'),(95,655,NULL,4,2,0,0,'02:56:00'),(96,597,NULL,4,2,0,0,'01:06:13'),(97,10,NULL,3,510,0,0,'01:06:00'),(98,590,NULL,4,3,0,0,'02:48:00'),(99,585,658,2,1,0,0,'03:00:00'),(100,589,666,2,0,0,0,'03:00:00'),(101,656,NULL,3,510,0,0,'01:30:00'),(102,649,NULL,4,2,0,0,'00:46:59'),(103,592,NULL,4,3,0,0,'02:46:00'),(104,673,NULL,3,510,0,0,'01:24:19'),(105,669,NULL,3,510,0,0,'01:03:16'),(106,692,NULL,1,0,0,0,'03:00:00'),(107,632,634,5,7,0,0,'03:00:00'),(108,686,631,5,0,0,0,'03:00:00'),(109,599,NULL,3,510,0,0,'01:05:00'),(110,595,NULL,3,510,0,0,'01:20:00'),(111,511,NULL,4,0,0,0,'03:00:00'),(112,691,662,2,0,0,0,'03:00:00'),(113,654,679,2,0,0,0,'03:00:00'),(114,528,NULL,4,3,0,0,'02:50:00'),(115,652,NULL,3,510,0,0,'01:05:50'),(116,695,NULL,3,510,0,0,'01:11:21'),(117,483,NULL,4,2,0,0,'02:41:00'),(118,650,NULL,3,510,0,0,'01:20:38'),(119,38,734,2,0,0,0,'03:00:00'),(120,17,16,2,0,0,0,'03:00:00'),(121,668,NULL,3,510,0,0,'01:11:29'),(122,15,NULL,3,510,0,0,'01:22:29'),(123,33,NULL,3,510,0,0,'01:36:25'),(124,496,NULL,1,0,0,0,'00:00:00'),(125,462,NULL,1,0,0,0,'03:00:00'),(126,497,NULL,4,1,0,0,'02:41:25'),(127,479,NULL,1,0,0,0,'03:00:00'),(128,617,616,2,3,0,0,'03:00:00'),(129,618,610,2,0,0,0,'03:00:00'),(130,636,633,5,7,0,0,'03:00:00'),(131,635,629,5,0,0,0,'03:00:00'),(132,524,NULL,4,2,0,0,'02:54:00'),(133,18,NULL,3,510,0,0,'01:49:17'),(134,31,NULL,3,0,0,0,'01:41:06'),(135,495,NULL,1,0,0,0,'11:57:00'),(136,523,NULL,4,1,0,0,'02:45:40'),(137,32,NULL,3,510,0,0,'02:09:00'),(138,472,NULL,1,7,0,0,'12:01:00'),(139,533,NULL,4,2,0,0,'02:58:00'),(140,473,NULL,1,0,0,0,'12:02:00'),(141,464,NULL,4,3,0,0,'02:41:00'),(142,501,NULL,4,3,0,0,'00:56:59'),(143,612,NULL,3,510,0,0,'03:00:00'),(144,41,NULL,3,510,0,0,'00:58:08'),(145,465,NULL,4,3,0,0,'02:40:00'),(146,484,488,2,1,0,0,'03:00:00'),(147,498,486,2,0,0,0,'03:00:00'),(148,504,NULL,4,1,0,0,'01:40:00'),(149,491,NULL,1,0,0,0,'12:05:00'),(150,487,NULL,1,9,0,0,'03:00:00'),(151,514,NULL,1,0,5,5,'12:06:00'),(152,509,NULL,4,1,0,0,'03:00:00'),(153,471,515,2,0,0,0,'03:00:00'),(154,470,469,2,0,0,0,'03:00:00'),(155,502,NULL,4,2,0,0,'01:28:00'),(156,485,NULL,1,9,0,0,'03:00:00'),(157,13,NULL,4,2,0,0,'01:45:00'),(158,732,NULL,3,510,0,0,'01:15:00'),(159,377,NULL,3,510,0,0,'01:58:25'),(160,350,NULL,7,1,0,0,'00:59:00'),(161,14,NULL,4,2,0,0,'01:51:00'),(162,731,NULL,3,510,0,0,'01:13:00'),(163,378,NULL,3,510,0,0,'01:49:00'),(164,382,NULL,3,510,0,0,'00:41:00'),(165,375,NULL,3,510,0,0,'01:19:30'),(166,392,NULL,3,510,0,0,'00:52:00'),(167,398,396,2,3,0,0,'03:00:00'),(168,408,412,2,0,0,0,'03:00:00'),(169,5,6,5,12,0,0,'03:00:00'),(170,8,7,5,0,0,0,'03:00:00'),(171,411,413,5,3,0,0,'03:00:00'),(172,395,404,5,0,0,0,'03:00:00'),(173,380,NULL,3,510,0,0,'02:17:00'),(174,313,321,2,0,0,0,'03:00:00'),(175,303,311,2,0,0,0,'03:00:00'),(176,387,NULL,3,510,0,0,'01:43:00'),(177,376,NULL,3,510,0,0,'01:43:00'),(178,455,NULL,4,2,0,0,'02:49:00'),(179,331,320,2,0,0,0,'03:00:00'),(180,322,323,2,0,0,0,'03:00:00'),(181,333,325,2,1,0,0,'03:00:00'),(182,329,543,2,0,0,0,'03:00:00'),(183,327,336,5,10,0,0,'03:00:00'),(184,334,325,5,0,0,0,'03:00:00'),(185,453,NULL,4,3,0,0,'01:34:00'),(186,454,NULL,4,3,0,0,'03:00:00'),(187,388,NULL,3,510,0,0,'02:51:28'),(188,452,NULL,4,3,0,0,'01:08:06'),(189,317,NULL,4,3,0,0,'03:00:00'),(190,386,NULL,3,0,0,0,'01:10:13'),(191,312,NULL,4,2,0,0,'03:00:00'),(192,309,NULL,4,2,0,0,'01:03:32'),(195,305,NULL,4,2,0,0,'01:04:28'),(196,459,NULL,1,0,5,0,'12:33:00'),(197,318,319,5,2,0,0,'03:00:00'),(198,330,337,5,0,0,0,'03:00:00'),(199,457,NULL,1,0,0,0,'12:34:00'),(200,332,NULL,4,2,0,0,'00:48:59'),(201,456,NULL,4,3,0,0,'03:00:00'),(202,324,NULL,4,3,0,0,'00:41:13'),(203,458,NULL,4,3,0,0,'02:55:00'),(204,381,NULL,3,510,0,0,'01:41:47'),(205,460,NULL,4,3,0,0,'01:59:00'),(206,391,383,2,2,0,0,'03:00:00'),(207,384,389,2,0,0,0,'03:00:00'),(208,393,NULL,3,510,0,0,'01:26:57'),(209,461,NULL,4,3,0,0,'02:17:00'),(210,385,NULL,3,0,0,0,'01:34:28'),(211,420,416,5,8,0,0,'03:00:00'),(212,425,415,5,0,0,0,'03:00:00'),(213,731,NULL,4,3,0,0,'02:46:00'),(214,730,NULL,3,0,0,0,'02:08:00'),(215,402,NULL,1,0,0,7,'12:45:00'),(216,400,NULL,1,0,0,0,'12:46:00'),(217,408,NULL,3,510,0,0,'01:27:01'),(218,401,NULL,1,5,0,0,'12:47:00'),(219,420,416,2,0,0,0,'03:00:00'),(220,415,425,2,0,0,0,'03:00:00'),(221,417,NULL,3,0,0,0,'02:50:00'),(222,389,NULL,3,510,0,0,'01:19:00'),(223,628,NULL,3,510,0,0,'01:19:18'),(224,429,NULL,3,510,0,0,'01:39:18'),(225,433,NULL,3,510,0,0,'01:53:00'),(226,333,NULL,4,4,0,0,'01:47:00'),(227,568,NULL,1,0,5,0,'03:00:00'),(228,565,NULL,1,0,0,0,'03:00:00'),(229,570,NULL,1,0,7,0,'03:00:00'),(230,329,543,5,10,0,0,'03:00:00'),(231,332,324,5,0,0,0,'03:00:00'),(232,321,NULL,4,0,0,0,'03:00:00'),(233,456,NULL,3,510,0,0,'00:43:39'),(234,663,NULL,1,0,0,0,'03:00:00'),(235,460,457,2,2,0,0,'03:00:00'),(236,458,461,2,0,0,0,'03:00:00'),(237,640,NULL,7,3,0,0,'02:37:47'),(238,454,NULL,3,510,0,0,'01:10:47'),(239,351,NULL,4,0,0,0,'03:00:00'),(240,688,NULL,1,0,0,0,'03:00:00'),(241,574,NULL,1,0,0,7,'03:00:00'),(242,665,NULL,1,0,0,0,'03:00:00'),(243,452,NULL,3,510,0,0,'01:16:37'),(244,585,NULL,1,0,0,0,'03:00:00'),(245,572,NULL,1,0,0,0,'03:00:00'),(246,575,NULL,1,0,0,0,'03:00:00'),(247,338,340,5,8,0,0,'03:00:00'),(248,728,365,5,0,0,0,'03:00:00'),(249,683,NULL,1,0,0,0,'03:00:00'),(250,320,331,5,18,0,0,'03:00:00'),(251,311,303,5,0,0,0,'03:00:00'),(252,573,NULL,1,0,5,0,'03:00:00'),(253,359,NULL,4,4,0,0,'03:00:00'),(254,689,NULL,1,0,0,0,'03:00:00'),(255,349,NULL,3,510,0,0,'01:38:07'),(256,306,NULL,4,4,0,0,'01:15:00'),(257,726,NULL,1,5,0,0,'03:00:00'),(258,368,347,2,0,0,0,'03:00:00'),(259,348,358,2,4,0,0,'03:00:00'),(260,345,NULL,3,510,0,0,'01:20:00'),(261,660,NULL,1,5,0,0,'03:00:00'),(262,566,NULL,1,0,0,0,'03:00:00'),(263,576,NULL,4,4,0,0,'01:23:47'),(264,658,NULL,1,0,0,0,'03:00:00'),(265,662,NULL,1,0,0,0,'03:00:00'),(266,664,NULL,4,2,0,0,'01:28:00'),(267,677,NULL,4,4,0,0,'01:32:00'),(268,666,649,5,14,0,0,'03:00:00'),(269,597,600,5,0,0,0,'03:00:00'),(270,595,NULL,1,0,0,0,'03:00:00'),(271,346,339,2,1,0,0,'03:00:00'),(272,349,345,2,0,0,0,'03:00:00'),(273,651,NULL,7,0,0,0,'01:26:19'),(274,743,NULL,1,0,0,0,'03:00:00'),(275,352,NULL,4,3,0,0,'02:52:00'),(276,742,NULL,1,0,0,0,'03:00:00'),(277,368,NULL,4,3,0,0,'01:43:00'),(278,746,NULL,1,0,0,7,'03:00:00'),(279,344,NULL,4,4,0,0,'01:24:00'),(280,669,NULL,1,0,0,0,'03:00:00'),(281,347,NULL,4,4,0,0,'01:32:00'),(282,745,NULL,1,9,0,0,'03:00:00'),(283,589,NULL,1,0,0,0,'03:00:00'),(284,59,61,5,3,0,0,'03:00:00'),(285,68,63,5,0,0,0,'03:00:00'),(286,64,66,2,1,0,0,'03:00:00'),(287,60,738,2,0,0,0,'03:00:00'),(288,570,NULL,4,3,0,0,'02:27:00'),(289,348,NULL,3,510,0,0,'01:16:23'),(290,660,NULL,4,3,0,0,'01:36:08'),(291,653,NULL,4,4,0,0,'02:23:00'),(292,358,NULL,3,510,0,0,'00:55:35'),(293,536,NULL,3,0,0,0,'02:00:00'),(294,644,NULL,4,4,0,0,'01:19:00'),(295,67,362,5,2,0,0,'03:00:00'),(296,346,339,5,0,0,0,'03:00:00'),(297,729,NULL,3,510,0,0,'01:29:55'),(298,62,NULL,4,2,0,0,'03:00:00'),(299,65,NULL,3,510,0,0,'01:21:34'),(300,545,NULL,3,510,0,0,'01:14:15'),(301,538,NULL,4,4,0,0,'01:11:00'),(302,448,NULL,4,2,0,0,'03:00:00'),(303,445,NULL,4,3,0,0,'01:16:00'),(304,590,592,2,2,0,0,'03:00:00'),(305,655,673,2,0,0,0,'03:00:00'),(306,79,NULL,1,7,0,0,'03:00:00'),(307,80,NULL,1,0,0,0,'03:00:00'),(308,640,NULL,7,3,0,0,'01:55:59'),(309,344,NULL,3,510,0,0,'01:39:00'),(310,73,NULL,1,0,0,0,'03:00:00'),(311,647,NULL,3,510,0,0,'01:15:33'),(312,77,NULL,1,0,0,0,'03:00:00'),(313,545,304,5,10,NULL,NULL,'03:00:00'),(314,668,650,5,1,0,0,'03:00:00'),(315,695,652,5,0,0,0,'03:00:00'),(316,352,NULL,3,510,0,0,'01:20:47'),(317,438,NULL,4,1,0,0,'03:00:00'),(318,638,NULL,3,510,0,0,'01:33:17'),(319,72,NULL,1,0,0,0,'03:00:00'),(320,74,NULL,1,0,0,0,'03:00:00'),(321,632,634,2,0,0,0,'03:00:00'),(322,631,686,2,0,0,0,'03:00:00'),(323,70,NULL,1,0,0,0,'03:00:00'),(324,75,NULL,1,0,0,0,'03:00:00'),(325,306,NULL,3,51,0,0,'01:00:18'),(326,337,NULL,1,0,0,0,'03:00:00'),(327,323,322,5,1,0,0,'03:00:00'),(328,312,313,5,0,0,0,'03:00:00'),(329,729,NULL,4,2,0,0,'03:00:00'),(330,675,NULL,4,2,0,0,'03:00:00'),(331,444,NULL,1,0,0,0,'03:00:00'),(332,667,693,5,10,0,0,'03:00:00'),(333,623,651,5,0,0,0,'03:00:00'),(334,330,NULL,1,9,0,0,'03:00:00'),(335,71,76,2,2,0,0,'03:00:00'),(336,440,447,2,0,0,0,'03:00:00'),(337,684,NULL,4,3,0,0,'02:01:00'),(338,444,NULL,4,4,0,0,'01:44:03'),(339,440,NULL,1,0,0,0,'03:00:00'),(340,70,NULL,3,510,0,0,'02:02:00'),(341,537,NULL,3,510,0,0,'02:14:21'),(342,67,NULL,1,5,7,0,'03:00:00'),(343,79,NULL,4,4,0,0,'01:13:00'),(344,447,NULL,1,0,0,0,'03:00:00'),(345,362,NULL,4,4,0,0,'01:36:10'),(346,540,NULL,3,510,0,0,'00:49:07'),(347,738,NULL,1,9,0,0,'03:00:00'),(348,72,NULL,3,510,0,0,'01:54:00'),(349,629,635,2,0,0,0,'03:00:00'),(350,633,636,2,0,0,0,'03:00:00'),(351,77,NULL,4,4,0,0,'01:24:00'),(352,51,NULL,1,0,0,0,'03:00:00'),(353,48,NULL,1,0,0,0,'03:00:00'),(354,66,NULL,3,510,0,0,'01:15:26'),(355,438,448,5,0,0,0,'03:00:00'),(356,445,538,5,11,0,0,'03:00:00'),(357,536,NULL,4,4,0,0,'01:36:08'),(358,56,NULL,1,5,0,0,'03:00:00'),(359,49,NULL,1,0,0,0,'03:00:00'),(360,746,NULL,4,4,0,0,'01:13:00'),(361,65,NULL,4,4,0,0,'01:10:25'),(362,64,NULL,3,510,0,0,'02:16:06'),(363,540,NULL,1,0,0,0,'03:00:00'),(364,609,NULL,1,0,0,7,'03:00:00'),(365,614,670,5,8,0,0,'03:00:00'),(366,654,679,5,0,0,0,'03:00:00'),(367,745,NULL,4,3,0,0,'00:56:00'),(368,617,NULL,1,0,0,0,'03:00:00'),(369,47,NULL,1,0,0,0,'03:00:00'),(370,50,58,2,0,0,0,'03:00:00'),(371,57,52,2,1,0,0,'03:00:00'),(372,63,NULL,1,0,0,0,'03:00:00'),(373,42,NULL,1,0,7,0,'03:00:00'),(374,45,NULL,3,510,0,0,'01:44:03'),(375,537,NULL,4,3,0,0,'02:48:32'),(376,62,68,2,2,0,0,'03:00:00'),(377,59,61,2,0,0,0,'03:00:00'),(378,60,NULL,3,510,0,0,'02:01:00'),(379,742,NULL,4,4,0,0,'01:20:00'),(380,618,NULL,1,0,0,0,'03:00:00'),(381,628,NULL,4,4,0,0,'00:43:06'),(382,743,NULL,4,4,0,0,'00:42:00'),(383,44,NULL,3,510,0,0,'01:45:20'),(384,54,46,5,3,0,0,'03:00:00'),(385,55,53,5,0,0,0,'03:00:00'),(386,610,NULL,1,0,0,0,'03:00:00'),(387,615,NULL,1,5,0,0,'03:00:00'),(388,754,NULL,4,4,0,0,'00:44:06'),(389,71,NULL,3,510,0,0,'01:21:28'),(390,76,NULL,3,510,0,0,'01:17:14'),(391,613,NULL,1,0,9,0,'03:00:00'),(392,753,NULL,4,3,0,0,'00:52:09'),(393,49,48,2,2,0,0,'03:00:00'),(394,56,51,2,0,0,0,'03:00:00'),(395,622,NULL,3,510,0,0,'01:09:44'),(396,741,NULL,4,3,0,0,'02:38:00'),(397,640,NULL,3,510,0,0,'00:59:00'),(398,54,NULL,1,0,0,0,'03:00:00'),(399,46,NULL,1,0,0,5,'03:00:00'),(400,744,NULL,4,4,0,0,'01:47:00'),(401,53,NULL,1,0,5,0,'03:00:00'),(402,55,NULL,1,0,0,0,'03:00:00'),(403,753,NULL,3,510,0,0,'01:02:11'),(404,637,NULL,3,510,0,0,'01:04:34'),(405,52,NULL,4,4,0,0,'02:24:06'),(406,58,NULL,1,0,0,0,'03:00:00'),(407,740,NULL,4,4,0,0,'01:34:00'),(408,50,NULL,1,9,0,0,'03:00:00'),(409,57,NULL,4,2,0,0,'00:54:08'),(410,754,NULL,3,510,0,0,'01:15:24'),(411,45,44,2,0,0,0,'03:00:00'),(412,47,42,2,4,0,0,'03:00:00'),(414,74,75,5,7,0,0,'03:00:00'),(415,73,80,5,0,0,0,'03:00:00'),(416,616,633,5,17,NULL,NULL,'03:00:00'),(418,759,NULL,1,0,0,0,'03:00:00'),(419,744,NULL,1,0,7,0,'03:00:00'),(420,757,NULL,1,0,0,0,'03:00:00'),(421,758,NULL,3,510,0,0,'01:48:00'),(422,741,NULL,1,0,0,0,'03:00:00'),(423,749,NULL,1,0,0,0,'03:00:00'),(424,761,NULL,7,3,0,0,'03:38:34'),(425,761,NULL,7,3,0,0,'04:54:59'),(426,87,NULL,1,0,5,0,'03:00:00'),(427,82,NULL,1,0,0,0,'03:00:00'),(428,96,113,2,0,0,0,'03:00:00'),(429,123,541,2,0,0,0,'03:00:00'),(430,91,NULL,1,0,0,0,'03:00:00'),(431,117,NULL,4,2,0,0,'01:59:34'),(432,118,119,2,0,0,0,'03:00:00'),(433,110,95,2,0,0,0,'03:00:00'),(434,126,NULL,1,0,0,9,'03:00:00'),(435,94,NULL,3,170,0,0,'03:00:00'),(436,93,NULL,1,0,0,0,'03:00:00'),(437,90,NULL,1,5,0,0,'03:00:00'),(438,132,NULL,4,3,0,0,'03:00:00'),(439,120,NULL,4,3,0,0,'02:47:00'),(440,146,NULL,1,0,0,0,'03:00:00'),(441,137,NULL,1,0,0,0,'03:00:00'),(442,155,165,2,1,0,0,'03:00:00'),(443,128,136,2,0,0,0,'03:00:00'),(444,154,NULL,3,510,0,0,'01:26:13'),(445,139,138,2,0,0,0,'03:00:00'),(446,542,164,2,0,0,0,'03:00:00'),(447,133,NULL,4,3,0,0,'01:28:00'),(448,143,NULL,1,0,0,0,'03:00:00'),(449,142,NULL,1,0,0,0,'03:00:00'),(450,170,169,5,7,0,0,'03:00:00'),(451,168,167,5,0,0,0,'03:00:00'),(452,147,NULL,1,0,7,0,'03:00:00'),(453,126,NULL,4,3,0,0,'02:57:43'),(454,160,NULL,3,510,0,0,'02:15:00'),(455,144,NULL,4,3,0,0,'02:15:00'),(456,157,NULL,3,510,0,0,'02:39:56'),(457,141,NULL,1,0,0,0,'03:00:00'),(458,151,NULL,1,0,0,0,'03:00:00'),(459,124,NULL,4,3,0,0,'01:40:06'),(460,159,163,2,0,0,0,'03:00:00'),(461,156,158,2,0,0,0,'03:00:00'),(462,150,NULL,3,510,0,0,'01:54:58'),(463,161,NULL,3,510,0,0,'02:58:00'),(464,145,NULL,4,4,0,0,'01:37:00'),(465,153,NULL,4,4,0,0,'01:18:00'),(466,119,NULL,1,0,0,0,'03:00:00'),(467,125,135,5,8,0,0,'03:00:00'),(468,114,121,5,0,0,0,'03:00:00'),(469,123,NULL,4,3,0,0,'02:15:33'),(470,118,NULL,1,0,0,0,'03:00:00'),(471,165,NULL,3,510,0,0,'01:42:46'),(472,156,160,5,2,0,0,'03:00:00'),(473,163,159,5,0,0,0,'03:00:00'),(474,138,NULL,1,0,0,5,'03:00:00'),(475,170,NULL,3,510,0,0,'01:35:07'),(476,147,NULL,4,3,0,0,'01:38:00'),(477,113,NULL,4,3,0,0,'01:04:35'),(478,150,151,2,0,0,0,'03:00:00'),(479,154,157,2,0,0,0,'03:00:00'),(480,145,143,2,0,0,0,'03:00:00'),(481,140,142,2,0,0,0,'03:00:00'),(482,169,NULL,3,510,0,0,'01:30:00'),(483,120,NULL,1,0,0,0,'03:00:00'),(484,155,NULL,3,510,0,0,'01:22:58'),(485,117,NULL,1,0,0,0,'03:00:00'),(486,141,NULL,4,4,0,0,'01:18:00'),(487,114,NULL,4,3,0,0,'01:49:28'),(488,144,NULL,1,0,0,0,'03:00:00'),(489,168,NULL,3,510,0,0,'03:00:00'),(490,133,NULL,1,0,0,0,'03:00:00'),(491,541,NULL,1,0,0,0,'03:00:00'),(492,121,NULL,4,3,0,0,'01:22:00'),(493,164,NULL,4,4,0,0,'01:19:00'),(494,132,NULL,1,0,9,0,'03:00:00'),(495,153,NULL,3,510,0,0,'01:21:07'),(496,167,NULL,3,510,0,0,'01:24:56'),(497,96,NULL,1,0,0,9,'03:00:00'),(498,91,94,5,3,0,0,'03:00:00'),(499,93,82,5,0,0,0,'03:00:00'),(500,542,NULL,4,3,0,0,'01:22:00'),(501,158,NULL,3,510,0,0,'01:55:00'),(502,95,NULL,1,0,0,0,'03:00:00'),(503,146,137,5,6,0,0,'03:00:00'),(504,110,139,5,0,0,0,'03:00:00'),(505,161,NULL,4,4,0,0,'01:16:00'),(506,124,NULL,1,0,0,0,'03:00:00'),(507,87,NULL,4,3,0,0,'02:21:47'),(508,175,NULL,1,0,0,0,'03:00:00'),(509,198,NULL,3,510,0,0,'01:13:44'),(510,190,NULL,1,0,0,0,'03:00:00'),(511,173,NULL,1,0,0,0,'03:00:00'),(512,136,NULL,4,3,0,0,'02:06:17'),(513,184,NULL,1,0,7,0,'03:00:00'),(514,185,NULL,4,4,0,0,'01:43:00'),(515,206,NULL,3,510,0,0,'01:37:51'),(516,193,207,2,2,0,0,'03:00:00'),(517,197,203,2,0,0,0,'03:00:00'),(518,195,NULL,3,510,0,0,'01:27:00'),(519,189,NULL,1,0,0,0,'03:00:00'),(520,188,177,5,5,0,0,'03:00:00'),(521,186,181,5,0,0,0,'03:00:00'),(522,174,NULL,1,7,9,0,'03:00:00'),(523,140,NULL,4,3,0,0,'01:07:57'),(524,182,NULL,4,4,0,0,'01:35:00'),(525,222,NULL,1,0,0,0,'03:00:00'),(526,221,NULL,3,510,0,0,'01:45:31'),(527,196,NULL,3,510,0,0,'01:50:00'),(528,216,194,2,0,0,0,'03:00:00'),(529,209,208,2,0,0,0,'03:00:00'),(530,99,NULL,4,3,0,0,'01:51:07'),(531,181,NULL,1,0,0,0,'03:00:00'),(532,214,218,5,4,0,0,'03:00:00'),(533,213,220,5,0,0,0,'03:00:00'),(534,210,NULL,3,510,0,0,'01:22:09'),(535,189,NULL,4,3,0,0,'01:44:00'),(536,188,NULL,1,5,0,0,'03:00:00'),(537,182,NULL,1,0,0,0,'03:00:00'),(538,193,NULL,3,510,0,0,'02:16:00'),(539,100,NULL,4,3,0,0,'02:25:45'),(540,185,NULL,1,0,0,0,'03:00:00'),(541,173,195,2,0,0,0,'03:00:00'),(542,206,198,2,0,0,0,'03:00:00'),(543,197,NULL,3,510,0,0,'01:28:19'),(544,190,NULL,4,4,0,0,'01:20:00'),(545,207,NULL,3,510,0,0,'01:46:00'),(546,148,NULL,1,0,0,7,'03:00:00'),(547,221,175,2,1,0,0,'03:00:00'),(548,222,177,2,0,0,0,'03:00:00'),(549,203,NULL,3,510,0,0,'01:08:31'),(550,208,NULL,4,3,0,0,'01:30:28'),(551,100,NULL,1,0,0,0,'03:00:00'),(552,183,178,5,11,0,0,'03:00:00'),(553,191,180,5,0,0,0,'03:00:00'),(554,99,NULL,1,0,0,0,'03:00:00'),(555,184,NULL,3,510,0,0,'01:30:00'),(556,201,NULL,4,3,0,0,'01:21:00'),(557,214,218,2,0,0,0,'03:00:00'),(558,213,220,2,0,0,0,'03:00:00'),(559,174,NULL,3,510,0,0,'01:12:00'),(560,217,NULL,1,0,9,0,'03:00:00'),(561,216,209,5,12,0,0,'03:00:00'),(562,210,194,5,0,0,0,'03:00:00'),(563,183,NULL,4,3,0,0,'01:59:00'),(564,162,NULL,3,510,0,0,'02:04:00'),(565,201,NULL,3,510,0,0,'01:16:00'),(566,205,202,5,10,0,0,'03:00:00'),(567,199,200,5,0,0,0,'03:00:00'),(568,215,NULL,3,510,0,0,'01:54:00'),(569,178,NULL,4,3,0,0,'02:17:00'),(570,217,NULL,3,510,0,0,'02:20:59'),(571,180,NULL,1,0,9,0,'03:00:00'),(572,191,NULL,1,0,0,9,'03:00:00'),(573,212,NULL,3,510,0,0,'01:22:28'),(574,199,200,2,0,0,0,'03:00:00'),(575,202,205,2,0,0,0,'03:00:00'),(576,85,NULL,1,0,0,0,'03:00:00'),(577,740,NULL,1,0,0,0,'03:00:00'),(578,767,NULL,1,0,7,0,'03:00:00'),(579,85,NULL,4,3,0,0,'02:32:50'),(580,767,NULL,4,3,0,0,'02:20:24'),(581,111,NULL,4,3,NULL,NULL,'02:41:43'),(582,768,NULL,4,3,0,0,'01:04:13'),(583,234,NULL,1,0,0,4,'03:00:00'),(584,229,NULL,1,0,0,0,'03:00:00'),(585,225,NULL,4,4,0,0,'01:11:00'),(586,247,NULL,1,0,0,0,'03:00:00'),(587,249,NULL,3,510,0,0,'01:57:00'),(588,242,NULL,4,4,0,0,'02:12:00'),(589,350,NULL,7,1,0,0,'00:48:00'),(590,256,NULL,3,510,0,0,'01:18:34'),(591,130,NULL,1,7,7,0,'03:00:00'),(592,244,NULL,1,0,0,0,'03:00:00'),(593,228,NULL,4,4,0,0,'01:36:00'),(594,260,NULL,3,510,0,0,'01:06:00'),(595,763,NULL,1,0,0,9,'03:00:00'),(596,278,280,2,1,0,0,'03:00:00'),(597,268,248,2,0,0,0,'03:00:00'),(598,255,NULL,3,51,0,0,'01:09:00'),(599,223,NULL,1,0,0,9,'03:00:00'),(600,243,235,2,1,0,0,'03:00:00'),(601,246,237,2,0,0,0,'03:00:00'),(602,232,NULL,4,3,0,0,'01:55:00'),(603,266,NULL,1,7,0,0,'03:00:00'),(604,544,NULL,4,3,0,0,'00:59:00'),(605,236,NULL,1,0,0,7,'03:00:00'),(606,226,NULL,4,4,0,0,'01:22:38'),(607,274,NULL,1,0,0,0,'03:00:00'),(608,301,NULL,3,51,0,0,'01:07:00'),(609,227,764,5,5,0,0,'03:00:00'),(610,224,231,5,0,0,0,'03:00:00'),(611,238,233,5,1,0,0,'03:00:00'),(612,239,245,5,0,0,0,'03:00:00'),(613,302,NULL,3,510,0,0,'01:34:00'),(614,258,265,2,0,0,0,'03:00:00'),(615,262,263,2,0,0,0,'03:00:00'),(616,230,NULL,4,4,0,0,'01:20:00'),(617,261,259,2,1,0,0,'03:00:00'),(618,253,254,2,0,0,0,'03:00:00'),(619,260,NULL,1,0,0,0,'03:00:00'),(620,292,NULL,3,510,0,0,'01:13:00'),(621,268,NULL,1,0,7,9,'03:00:00'),(622,289,NULL,3,510,0,0,'00:50:00'),(623,130,NULL,4,3,0,0,'02:32:00'),(624,249,NULL,1,0,5,0,'03:00:00'),(625,300,NULL,4,3,0,0,'01:25:00'),(626,241,NULL,1,0,0,0,'03:00:00'),(627,291,NULL,3,510,0,0,'00:56:00'),(628,299,NULL,3,51,0,0,'01:42:00'),(629,275,277,2,1,0,0,'03:00:00'),(630,270,765,2,0,0,0,'03:00:00'),(631,251,NULL,4,3,0,0,'01:13:29'),(632,242,NULL,1,7,0,0,'03:00:00'),(633,295,NULL,4,3,0,0,'01:35:00'),(634,284,282,5,16,0,0,'03:00:00'),(635,287,294,5,0,0,0,'03:00:00'),(636,258,NULL,1,0,0,0,'03:00:00'),(637,223,NULL,3,510,0,0,'01:25:00'),(638,278,NULL,4,4,0,0,'00:34:00'),(639,265,NULL,1,9,0,5,'03:00:00'),(640,283,NULL,3,510,0,0,'01:16:00'),(641,241,NULL,4,4,0,0,'01:24:16'),(642,263,NULL,1,7,0,7,'03:00:00'),(643,280,NULL,4,4,0,0,'00:45:00'),(644,288,NULL,3,510,0,0,'01:00:00'),(645,262,NULL,1,0,0,0,'03:00:00'),(646,228,763,2,0,0,0,'03:00:00'),(647,230,225,2,0,0,0,'03:00:00'),(648,251,274,2,0,0,0,'03:00:00'),(649,256,255,2,0,0,0,'03:00:00'),(650,755,NULL,7,4,0,0,'01:46:00'),(651,279,276,5,6,0,0,'03:00:00'),(652,272,271,5,0,0,0,'03:00:00'),(653,244,NULL,4,3,0,0,'01:56:00'),(654,229,NULL,3,510,0,0,'00:43:00'),(655,284,NULL,1,7,0,0,'03:00:00'),(656,302,NULL,1,0,0,0,'03:00:00'),(657,227,NULL,4,4,0,0,'01:17:00'),(658,267,NULL,3,510,0,0,'01:19:00'),(659,259,NULL,4,3,0,0,'01:35:00'),(660,232,NULL,3,510,0,0,'01:27:00'),(661,300,NULL,1,0,5,9,'03:00:00'),(662,289,NULL,1,0,0,9,'03:00:00'),(663,239,245,2,0,0,0,'03:00:00'),(664,231,236,2,0,0,0,'03:00:00'),(665,279,276,2,1,0,0,'03:00:00'),(666,272,271,2,0,0,0,'03:00:00'),(667,764,NULL,4,4,0,0,'01:29:00'),(668,261,NULL,4,4,0,0,'00:34:53'),(669,350,NULL,7,4,0,0,'03:05:00'),(670,253,NULL,1,9,0,0,'03:00:00'),(671,254,NULL,1,0,0,0,'03:00:00'),(672,226,NULL,3,510,0,0,'01:26:00'),(673,291,NULL,4,4,0,0,'00:51:00'),(674,281,NULL,3,510,0,0,'01:35:00'),(675,299,NULL,1,0,7,9,'03:00:00'),(676,238,NULL,4,4,0,0,'01:16:07'),(677,282,NULL,3,510,0,0,'01:09:00'),(678,283,NULL,4,4,0,0,'01:17:00'),(679,233,NULL,3,510,0,0,'01:39:00'),(680,267,NULL,1,0,0,0,'03:00:00'),(681,301,292,2,0,0,0,'03:00:00'),(682,287,294,2,5,0,0,'03:00:00'),(683,281,NULL,1,7,0,0,'03:00:00'),(684,295,NULL,3,510,0,0,'01:23:00'),(685,275,277,5,5,0,0,'03:00:00'),(686,270,765,5,0,0,0,'03:00:00'),(687,246,544,5,-9,0,0,'03:00:00'),(688,237,288,5,0,0,0,'03:00:00'),(689,297,NULL,7,3,0,0,'01:12:00'),(690,248,NULL,1,0,0,0,'03:00:00'),(691,234,NULL,3,510,0,0,'01:30:00'),(692,297,NULL,7,1,0,0,'01:53:00'),(693,243,NULL,3,510,0,0,'01:11:00'),(694,235,NULL,3,510,0,0,'01:44:00'),(695,297,NULL,7,3,0,0,'01:52:00'),(696,761,NULL,7,4,0,0,'02:21:00'),(697,704,NULL,4,3,0,0,'01:34:13'),(698,709,NULL,3,510,0,0,'01:02:00'),(699,721,NULL,4,4,0,0,'01:59:00'),(700,710,NULL,3,510,0,0,'01:08:57'),(701,703,NULL,4,3,0,0,'00:40:00'),(702,707,NULL,3,510,0,0,'01:36:00'),(703,702,706,2,5,0,0,'05:00:00'),(704,772,718,2,0,0,0,'05:00:00'),(705,716,NULL,4,3,0,0,'02:07:00'),(706,719,NULL,4,4,0,0,'01:00:00'),(707,720,NULL,3,510,0,0,'01:44:00'),(708,700,723,2,3,0,0,'03:00:00'),(709,701,724,2,0,0,0,'03:00:00'),(710,771,NULL,4,3,0,0,'01:10:22'),(711,705,773,5,4,0,0,'03:00:00'),(712,713,708,5,0,0,0,'03:00:00'),(713,761,NULL,4,4,0,0,'00:50:00'),(714,698,NULL,4,3,0,0,'00:30:00'),(715,778,NULL,4,3,0,0,'00:47:00'),(716,770,NULL,4,2,0,0,'03:00:00'),(717,714,711,5,4,0,0,'05:00:00'),(718,717,774,5,0,0,0,'03:00:00'),(719,697,NULL,4,4,0,0,'00:41:00'),(720,777,NULL,4,4,0,0,'00:50:00'),(721,755,NULL,7,4,0,0,'00:33:00'),(722,755,NULL,7,4,0,0,'00:33:00'),(723,750,NULL,7,3,0,0,'00:43:00'),(724,750,NULL,7,4,0,0,'01:01:00'),(725,750,NULL,7,3,0,0,'00:46:00'),(726,757,NULL,7,4,0,0,'00:31:00'),(727,712,NULL,4,4,0,0,'02:40:00'),(728,777,NULL,3,510,0,0,'01:07:00'),(729,719,NULL,3,510,0,0,'01:10:00'),(730,707,NULL,4,4,0,0,'00:53:00'),(731,771,NULL,3,510,0,0,'01:22:00'),(732,703,NULL,3,510,0,0,'00:47:00'),(733,710,NULL,4,3,0,0,'00:36:00'),(734,705,773,2,2,0,0,'05:00:00'),(735,713,708,2,0,0,0,'05:00:00'),(736,770,NULL,3,510,0,0,'01:18:00'),(737,720,NULL,4,3,0,0,'02:28:00'),(738,716,NULL,3,465,0,0,'03:00:00'),(739,704,NULL,3,510,0,0,'01:09:00'),(740,702,706,5,4,0,0,'03:00:00'),(741,772,718,5,0,0,0,'03:00:00'),(742,712,NULL,3,510,0,0,'01:05:00'),(743,721,NULL,3,510,0,0,'01:37:00'),(744,774,717,2,3,0,0,'03:00:00'),(745,714,711,2,0,0,0,'03:00:00'),(746,778,NULL,3,510,0,0,'00:50:00'),(747,715,NULL,4,3,0,0,'01:23:10'),(748,697,NULL,3,510,0,0,'01:04:00'),(749,698,NULL,3,510,0,0,'00:54:00'),(750,715,NULL,1,0,0,0,'03:00:00'),(751,723,700,5,1,0,0,'05:00:00'),(752,724,701,5,0,0,0,'03:00:00'),(753,759,NULL,6,2,0,0,'00:17:00'),(754,759,NULL,6,3,0,0,'00:19:00'),(755,721,719,2,0,0,0,'05:00:00'),(756,771,770,2,1,0,0,'05:00:00'),(757,759,NULL,6,3,0,0,'00:18:00'),(758,703,NULL,5,0,0,0,'05:00:00'),(759,707,710,5,18,0,0,'05:00:00'),(760,758,NULL,6,0,0,0,'03:00:00');
/*!40000 ALTER TABLE `participacao` ENABLE KEYS */;
UNLOCK TABLES;

--
-- Table structure for table `provas`
--

DROP TABLE IF EXISTS `provas`;
/*!40101 SET @saved_cs_client     = @@character_set_client */;
/*!40101 SET character_set_client = utf8 */;
CREATE TABLE `provas` (
  `idProvas` int(11) NOT NULL AUTO_INCREMENT,
  `Nome` varchar(45) DEFAULT NULL,
  `Desc` varchar(255) DEFAULT NULL,
  PRIMARY KEY (`idProvas`)
) ENGINE=InnoDB AUTO_INCREMENT=8 DEFAULT CHARSET=latin1;
/*!40101 SET character_set_client = @saved_cs_client */;

--
-- Dumping data for table `provas`
--

LOCK TABLES `provas` WRITE;
/*!40000 ALTER TABLE `provas` DISABLE KEYS */;
INSERT INTO `provas` VALUES (1,'Basquete',NULL),(2,'Futebol',NULL),(3,'Humanoide',NULL),(4,'Trajeto de obstáculos',NULL),(5,'Volei',NULL),(6,'Save the Forest',NULL),(7,'Line Follower',NULL);
/*!40000 ALTER TABLE `provas` ENABLE KEYS */;
UNLOCK TABLES;

--
-- Table structure for table `series`
--

DROP TABLE IF EXISTS `series`;
/*!40101 SET @saved_cs_client     = @@character_set_client */;
/*!40101 SET character_set_client = utf8 */;
CREATE TABLE `series` (
  `idSeries` int(11) NOT NULL AUTO_INCREMENT,
  `Desc` varchar(45) DEFAULT NULL,
  PRIMARY KEY (`idSeries`)
) ENGINE=InnoDB AUTO_INCREMENT=102 DEFAULT CHARSET=latin1;
/*!40101 SET character_set_client = @saved_cs_client */;

--
-- Dumping data for table `series`
--

LOCK TABLES `series` WRITE;
/*!40000 ALTER TABLE `series` DISABLE KEYS */;
INSERT INTO `series` VALUES (0,'*'),(1,'1º A'),(2,'1º B'),(3,'1º C'),(4,'1º D'),(5,'1º E'),(6,'1º F'),(7,'2º A'),(8,'2º B'),(9,'2º C'),(10,'2º D'),(11,'2º E'),(12,'2º F'),(13,'3º A'),(14,'3º B'),(15,'3º C'),(16,'3º D'),(17,'3º E'),(18,'3º F'),(19,'4º A'),(20,'4º B'),(21,'4º C'),(22,'4º D'),(23,'4º E'),(24,'4º F'),(25,'5º A'),(26,'5º B'),(27,'5º C'),(28,'5º D'),(29,'5º E'),(30,'5º F'),(31,'6º A'),(32,'6º B'),(33,'6º C'),(34,'6º D'),(35,'6º E'),(36,'6º F'),(37,'7º A'),(38,'7º B'),(39,'7º C'),(40,'7º D'),(41,'7º E'),(42,'7º F'),(43,'8º A'),(44,'8º B'),(45,'8º C'),(46,'8º D'),(47,'8º E'),(48,'8º F'),(49,'9º A'),(50,'9º B'),(51,'9º C'),(52,'9º D'),(53,'9º E'),(54,'9º F'),(55,'1º EM A'),(56,'1º EM B'),(57,'1º EM C'),(58,'1º EM D'),(59,'1º EM E'),(60,'1º EM F'),(61,'2º EM A'),(62,'2º EM B'),(63,'2º EM C'),(64,'2º EM D'),(65,'2º EM E'),(66,'2º EM F'),(67,'3º EM A'),(68,'3º EM B'),(69,'3º EM C'),(70,'3º EM D'),(71,'3º EM E'),(72,'3º EM F'),(73,'MATERNAL 2M '),(74,'MATERNAL 2 T'),(75,'JARDIM 1M'),(76,'JARDIM 1T'),(77,'JARDIM 2M'),(78,'JARDIM 2T'),(79,'1° ANO M'),(80,'1° ANO T'),(81,'2° ANO M'),(82,'2° ANO T'),(83,'3°ANO M '),(84,'3°ANO T'),(85,'4° ANO M '),(86,'4° ANO T'),(87,'5° ANO M'),(88,'5° ANO T'),(89,'6° ANO M '),(90,'6° ANO T'),(91,'7° ANO M'),(92,'8° ANO M '),(93,'8° ANO T'),(94,'9° ANO M '),(95,'9° ANO T'),(96,'1º EM'),(97,'2º EM'),(98,'9º ANO'),(99,'7º ANO'),(100,'8º ANO'),(101,'6º ANO');
/*!40000 ALTER TABLE `series` ENABLE KEYS */;
UNLOCK TABLES;
/*!40103 SET TIME_ZONE=@OLD_TIME_ZONE */;

/*!40101 SET SQL_MODE=@OLD_SQL_MODE */;
/*!40014 SET FOREIGN_KEY_CHECKS=@OLD_FOREIGN_KEY_CHECKS */;
/*!40014 SET UNIQUE_CHECKS=@OLD_UNIQUE_CHECKS */;
/*!40101 SET CHARACTER_SET_CLIENT=@OLD_CHARACTER_SET_CLIENT */;
/*!40101 SET CHARACTER_SET_RESULTS=@OLD_CHARACTER_SET_RESULTS */;
/*!40101 SET COLLATION_CONNECTION=@OLD_COLLATION_CONNECTION */;
/*!40111 SET SQL_NOTES=@OLD_SQL_NOTES */;

-- Dump completed on 2021-05-12 13:13:14
